-- ------------- Script name Instance fix Eilo ----------------
-- ------------------------------------------------------------
UPDATE `instance_template` SET `Script`='instance_ruby_sanctum' WHERE `map`=724;
-- -------------- Script name Npcs fix ws ---------------------
-- ------------------------------------------------------------
UPDATE `creature_template` SET `ScriptName`='npc_convocadora_carboescala' WHERE `entry`=40417;
UPDATE `creature_template` SET `ScriptName`='npc_acometedor_carboescala' WHERE `entry`=40419;
UPDATE `creature_template` SET `ScriptName`='npc_elite_carboescala'  WHERE `entry`=40421;
UPDATE `creature_template` SET `ScriptName`='npc_comandante_carboescala'  WHERE `entry`=40423;
UPDATE `creature_template` SET `ScriptName`='boss_halion_real'  WHERE `entry`=39751;
UPDATE `creature_template` SET `ScriptName`='mob_baltharus_clone'  WHERE `entry`=39899;
UPDATE `creature_template` SET `ScriptName`='mob_xerestrasza'  WHERE `entry`=40429;
UPDATE `creature_template` SET `ScriptName`='boss_halion_twilight'  WHERE `entry`=40142;
UPDATE `creature_template` SET `ScriptName`='mob_halion_meteor'  WHERE `entry`=40029;
UPDATE `creature_template` SET `ScriptName`='mob_halion_flame'  WHERE `entry`=40041;
UPDATE `creature_template` SET `ScriptName`='mob_halion_orb'  WHERE `entry`=40083;
UPDATE `creature_template` SET `ScriptName`='mob_halion_control'  WHERE `entry`=40146;
UPDATE `creature_template` SET `ScriptName`='mob_orb_rotation_focus'  WHERE `entry`=40091;
UPDATE `creature_template` SET `ScriptName`='mob_orb_carrier'  WHERE `entry`=40081;
UPDATE `creature_template` SET `ScriptName`='mob_soul_consumption'  WHERE `entry`=40135;
UPDATE `creature_template` SET `ScriptName`='mob_fiery_combustion'  WHERE `entry`=40001;
UPDATE `creature_template` SET `ScriptName`='boss_ragefire'  WHERE `entry`=39747;
UPDATE `creature_template` SET `ScriptName`='boss_zarithrian'  WHERE `entry`=39746;
UPDATE `creature_template` SET `ScriptName`='mob_flamecaller_ruby'  WHERE `entry`=39814;
UPDATE `creature_template` SET `ScriptName`='boss_baltharus' WHERE `entry`=39751;
-- ---------------- Respawn Npcs fix Eilo ---------------------
-- ------------------------------------------------------------
-- Bosses
UPDATE `creature` SET `spawntimesecs`=604800 WHERE `id` IN (39751,39746,39747);
-- Trash mobs
UPDATE `creature` SET `spawntimesecs`=1209600 WHERE `map`=724 AND `id` NOT IN (39751,39746,39747);
-- --------- Dragones fin evento (custom) fix ws --------------
-- ------------------------------------------------------------
INSERT INTO `creature_template` (`entry`, `difficulty_entry_1`, `difficulty_entry_2`, `difficulty_entry_3`, `KillCredit1`, `KillCredit2`, `modelid1`, `modelid2`, `modelid3`, `modelid4`, `name`, `subname`, `IconName`, `gossip_menu_id`, `minlevel`, `maxlevel`, `exp`, `faction_A`, `faction_H`, `npcflag`, `speed_walk`, `speed_run`, `scale`, `rank`, `mindmg`, `maxdmg`, `dmgschool`, `attackpower`, `dmg_multiplier`, `baseattacktime`, `rangeattacktime`, `unit_class`, `unit_flags`, `dynamicflags`, `family`, `trainer_type`, `trainer_spell`, `trainer_class`, `trainer_race`, `minrangedmg`, `maxrangedmg`, `rangedattackpower`, `type`, `type_flags`, `lootid`, `pickpocketloot`, `skinloot`, `resistance1`, `resistance2`, `resistance3`, `resistance4`, `resistance5`, `resistance6`, `spell1`, `spell2`, `spell3`, `spell4`, `spell5`, `spell6`, `spell7`, `spell8`, `PetSpellDataId`, `VehicleId`, `mingold`, `maxgold`, `AIName`, `MovementType`, `InhabitType`, `Health_mod`, `Mana_mod`, `Armor_mod`, `RacialLeader`, `questItem1`, `questItem2`, `questItem3`, `questItem4`, `questItem5`, `questItem6`, `movementId`, `RegenHealth`, `equipment_id`, `mechanic_immune_mask`, `flags_extra`, `ScriptName`, `WDBVerified`) VALUES 
(3470008, 0, 0, 0, 0, 0, 2718, 0, 0, 0, 'Ruby Dragon', 'WS-CORE', 'WS-CORE', 0, 80, 80, 0, 2010, 2010, 0, 3, 3, 1.4, 0, 420, 630, 0, 158, 1, 2000, 2000, 1, 0, 0, 0, 0, 0, 0, 0, 336, 504, 126, 2, 4096, 0, 0, 0, 0, 0, 0, 0, 0, 0, 0, 0, 0, 0, 0, 0, 0, 0, 0, 0, 0, 0, '', 0, 3, 378.538, 1, 1, 0, 0, 0, 0, 0, 0, 0, 0, 1, 0, 0, 0, 'npc_D_ws2', 0);
-- --------- Script name objetos fix ws -----------------------
-- ------------------------------------------------------------
UPDATE `gameobject_template` SET `data10` = 74807, `faction` = '0', `ScriptName` = 'go_halion_portal_twilight' WHERE `gameobject_template`.`entry` IN (202794,202795);
UPDATE `gameobject_template` SET `faction` = '0', `ScriptName` = 'go_halion_portal_real' WHERE `gameobject_template`.`entry` IN (202796);
-- --------- Spell script de rubi fix ws ----------------------
-- ------------------------------------------------------------
-- spell_halion_fiery_combustion 74562
DELETE FROM `spell_script_names` WHERE `spell_id`=74562 AND `ScriptName`='spell_halion_fiery_combustion';
INSERT INTO `spell_script_names` (`spell_id`, `ScriptName`) VALUES (74562,'spell_halion_fiery_combustion');
-- spell_halion_soul_consumption 74792
DELETE FROM `spell_script_names` WHERE `spell_id`=74792 AND `ScriptName`='spell_halion_soul_consumption';
INSERT INTO `spell_script_names` (`spell_id`, `ScriptName`) VALUES (74792,'spell_halion_soul_consumption');
-- spell_twilight_cutter 74768
DELETE FROM `spell_script_names` WHERE `spell_id`=74562 AND `ScriptName`='spell_twilight_cutter';
INSERT INTO `spell_script_names` (`spell_id`, `ScriptName`) VALUES (74768,'spell_twilight_cutter');
-- ---------- Ws core Traduccion de Rubi event ---------------
-- -------- Textos añadidos por Eilo y retoques --------------
-- -----------------------------------------------------------
replace into `script_texts`(`npc_entry`,`entry`,`content_default`,`content_loc1`,`content_loc2`,`content_loc3`,`content_loc4`,`content_loc5`,`content_loc6`,`content_loc7`,`content_loc8`,`sound`,`type`,`language`,`emote`,`comment`) values 
(40429,-1666000,'Help! I am trapped within this tree! I require aid!',NULL,NULL,NULL,NULL,NULL,'Ayuda estoy atrapada dentro del arbol! ayudadme!',NULL,NULL,17490,6,0,0,'SAY_XERESTRASZA_YELL_1'),
(40429,-1666001,'Thank you! I could have not held out for much longer. A terrible thing has happened here.',NULL,NULL,NULL,NULL,NULL,'Gracias no podia aguantar mucho mas! Aqui ha sucedido algo terrible!',NULL,NULL,17491,0,0,0,'SAY_XERESTRASZA_YELL_2'),
(40429,-1666002,'We believed that the Sanctum was well fortified, but we were not prepareted for the nature of this assault.',NULL,NULL,NULL,NULL,NULL,'creiamos que el sagrario estaba bien protegido, pero no estabamos preparado para un ataque como este',NULL,NULL,17492,0,0,0,'SAY_XERESTRASZA_SAY_1'),
(40429,-1666003,'The Black Dragonkin materialized from thin air, and set upon us before we could react.',NULL,NULL,NULL,NULL,NULL,'Los dragoneantes negros aparecieron de la nada y atacaron antes de que pudieramos reaccionar.',NULL,NULL,17493,0,0,0,'SAY_XERESTRASZA_SAY_2'),
(40429,-1666004,'We did not stand a chance. As my brethren perished around me, I managed to retreat here and bar the entrance.',NULL,NULL,NULL,NULL,NULL,'La defensa fue inutil! Mientras mis hermanos morian consegui retirarme aqui y bloquear la entrada',NULL,NULL,17494,0,0,0,'SAY_XERESTRASZA_SAY_3'),
(40429,-1666005,'They slaughtered us with cold efficiency, but the true focus of their interest seemed to be the eggs kept here in the sanctum.',NULL,NULL,NULL,NULL,NULL,'Fue una masacre calculada y eficaz pero su verdadero objetivo eran los huevos que guardamos en el sagrario.',NULL,NULL,17495,0,0,0,'SAY_XERESTRASZA_SAY_4'),
(40429,-1666006,'The commander of the forces on the ground here is a cruel brute named Zarithrian. But I fear there are greater powers at work.',NULL,NULL,NULL,NULL,NULL,'El comandante de las fuerzas terrestre es un bruto cruel llamado Zarithrian, pero me temo que hay implicados poderes mayores',NULL,NULL,17496,0,0,0,'SAY_XERESTRASZA_SAY_5'),
(40429,-1666007,'In their initial assault I caught a glimpse of their true leader, a fearsome full-grown Twilight Dragon.',NULL,NULL,NULL,NULL,NULL,'En el ataque inicial, pude ver a su verdadero lider, un temible dragon crepuscular adulto.',NULL,NULL,17497,0,0,0,'SAY_XERESTRASZA_SAY_6'),
(40429,-1666008,'I know not the extent of their plans heroes, but I know this: they cannot be allowed to succeed!',NULL,NULL,NULL,NULL,NULL,'No conozco todos sus planes heroes pero se, que no debemos permitir que tengan exito.',NULL,NULL,17498,0,0,0,'SAY_XERESTRASZA_SAY_7'),
(39863,-1666100,'Meddlesome insects, you\'re too late! The Ruby Sanctum is lost.',NULL,NULL,NULL,NULL,NULL,'Insectos entrometidos... llegais tarde... el sagrario rubi esta perdido.',NULL,NULL,17499,6,0,0,'SAY_HALION_SPAWN'),
(39863,-1666101,'Your world teeters on the brink of annihilation. You will all bear witness to the coming of a new age of destruction!',NULL,NULL,NULL,NULL,NULL,'Vuestro mundo esta al borde de la aniquilacion. todos sereis testigo de la llegada de una nueva era de destruccion!',NULL,NULL,17500,6,0,0,'SAY_HALION_AGGRO'),
(39863,-1666102,'Another hero falls.',NULL,NULL,NULL,NULL,NULL,'Cae... otro... heroe!',NULL,NULL,17501,6,0,0,'SAY_HALION_SLAY_1'),
(39863,-1666103,'Ha Ha Ha!',NULL,NULL,NULL,NULL,NULL,'jajajajaja...',NULL,NULL,17502,6,0,0,'SAY_HALION_SLAY_2'),
(39863,-1666104,'Relish this victory mortals, for it will be your last. This world will burn with the Master\'s return!',NULL,NULL,NULL,NULL,NULL,'Disfrutad la victoria mortales por que sera la ultima. este mundo ardera cuando vuelva el maestro.',NULL,NULL,17503,6,0,0,'SAY_HALION_DEATH'),
(39863,-1666105,'Not good enough!',NULL,NULL,NULL,NULL,NULL,'No es suficiente.',NULL,NULL,17504,6,0,0,'SAY_HALION_BERSERK'),
(39863,-1666106,'The heavens burn!',NULL,NULL,NULL,NULL,NULL,'Los cielos arden.',NULL,NULL,17505,6,0,0,'SAY_HALION_SPECIAL_1'),
(39863,-1666107,'Beware the shadow!',NULL,NULL,NULL,NULL,NULL,'Temed la sombra.',NULL,NULL,17506,6,0,0,'SAY_HALION_SPECIAL_2'),
(39863,-1666108,'You will find only suffering within the realm of Twilight. Enter if you dare.',NULL,NULL,NULL,NULL,NULL,'En el reino del crepusculo solo encontrareis sufrimiento. Entrad si os atreveis.',NULL,NULL,17507,6,0,0,'SAY_HALION_PHASE_2'),
(39863,-1666109,'I am the light AND the darkness! Cower mortals before the Herald of Deathwing!',NULL,NULL,NULL,NULL,NULL,'Yo soy la luz y la oscuridad. Temed mortales la llegada de Alamuerte.',NULL,NULL,17508,6,0,0,'SAY_HALION_PHASE_3'),
(39863,-1666110,'The orbiting spheres pulse with dark energy!',NULL,NULL,NULL,NULL,NULL,'Los orbes rotan pulsando energia oscura!',NULL,NULL,0,3,0,0,''),
(39863,-1666111,'Your efforts have forced Halion further into the Physical realm!',NULL,NULL,NULL,NULL,NULL,'Tus esfuerzos han enviado a Halion al reino fisico!',NULL,NULL,0,3,0,0,''),
(39863,-1666112,'Your efforts have forced Halion further into the Twilight realm!',NULL,NULL,NULL,NULL,NULL,'Tus esfuerzos han enviado a Halion al reino crepuscular!',NULL,NULL,0,3,0,0,''),
(39863,-1666113,'Without pressure in both realms, Halion begins to regenerate.',NULL,NULL,NULL,NULL,NULL,'Sin presion en ambos reinos, Halion restaurara vitalidad.',NULL,NULL,0,3,0,0,''),
(39746,-1666200,'Alexstrasza has chosen capable allies. A pity that I must end you!',NULL,NULL,NULL,NULL,NULL,'Alexstrasza sabe elegir bien a sus aliados. Lastima tener que mataros.',NULL,NULL,17512,6,0,0,'SAY_ZARITHRIAN_AGGRO'),
(39746,-1666201,'You thought you stood a chance?',NULL,NULL,NULL,NULL,NULL,'¿Pensabas sobrevivir?',NULL,NULL,17513,6,0,0,'SAY_ZARITHRIAN_SLAY_1'),
(39746,-1666202,'It\'s for the best.',NULL,NULL,NULL,NULL,NULL,'Es por tu bien...',NULL,NULL,17514,6,0,0,'SAY_ZARITHRIAN_SLAY_2'),
(39746,-1666203,'Halion! I\'m...aah!',NULL,NULL,NULL,NULL,NULL,'Halion... yo... ohhhggg...',NULL,NULL,17515,6,0,0,'SAY_ZARITHRIAN_DEATH'),
(39746,-1666204,'Turn them to ash, minions!',NULL,NULL,NULL,NULL,NULL,'¡Reducidlos a cenizas, esbirros!!',NULL,NULL,17516,6,0,0,'SAY_ZARITHRIAN_SPECIAL_1'),
(39751,-1666300,'Ah, the entertainment has arrived...',NULL,NULL,NULL,NULL,NULL,'ahh... ¡Ha llegado la diversion',NULL,NULL,17520,6,0,0,'SAY_BALTHARUS_AGGRO'),
(39751,-1666301,'Baltharus leaves no survivors!',NULL,NULL,NULL,NULL,NULL,'¡Baltharus no deja supervivientes!',NULL,NULL,17521,6,0,0,'SAY_BALTHARUS_SLAY_1'),
(39751,-1666302,'This world has enough heroes!',NULL,NULL,NULL,NULL,NULL,'¡Ya es suficiente heroes!',NULL,NULL,17522,6,0,0,'SAY_BALTHARUS_SLAY_2'),
(39751,-1666303,'I...didn\'t see that coming...',NULL,NULL,NULL,NULL,NULL,'AArG¦ ¡no lo vi venir!!',NULL,NULL,17523,1,0,0,'SAY_BALTHARUS_DEATH'),
(39751,-1666304,'Twice the pain and half the fun!',NULL,NULL,NULL,NULL,NULL,'El doble de dolor y la mitad de diversion',NULL,NULL,17524,6,0,0,'SAY_BALTHARUS_SPECIAL_1'),
(39751,-1666305,'Your power wanes, ancient one! Soon, you will join your friends!',NULL,NULL,NULL,NULL,NULL,'Tu poder decae, ancestro. Pronto te uniras a tus amigos.',NULL,NULL,17525,6,0,0,'SAY_BALTHARUS_YELL'),
(39747,-1666400,'You will suffer for this intrusion...',NULL,NULL,NULL,NULL,NULL,'Sufrireis por esta intrusion!',NULL,NULL,17528,6,0,0,'SAY_SAVIANA_AGGRO'),
(39747,-1666401,'As it should be!',NULL,NULL,NULL,NULL,NULL,'¡Como debe ser!',NULL,NULL,17529,6,0,0,'SAY_SAVIANA_SLAY_1'),
(39747,-1666402,'Halion will be pleased...',NULL,NULL,NULL,NULL,NULL,'Halion estara satisfecho',NULL,NULL,17530,6,0,0,'SAY_SAVIANA_SLAY_2'),
(39747,-1666403,'OOHHAH...',NULL,NULL,NULL,NULL,NULL,'OOHHAH...',NULL,NULL,17531,6,0,0,'SAY_SAVIANA_DEATH'),
(39747,-1666404,'Burn in the master\'s flame!',NULL,NULL,NULL,NULL,NULL,'Arded en la llama del maestro!',NULL,NULL,17532,6,0,0,'SAY_SAVIANA_SPECIAL_1'),
(39747,-1666405,'|3-3(%s) fall into a trance!\r\n',NULL,NULL,NULL,NULL,NULL,'|3-3(%s) cae en un trance!\r\n',NULL,NULL,0,3,0,0,'');
-- ---------- Spawn del Anillo de fuego fix Eilo --------------
-- ------------------------------------------------------------
SET @OGUID = 152192; -- Need 1 (Set by TDB team)
INSERT INTO `gameobject` (`guid`,`id`, `map`, `spawnMask`, `phaseMask`, `position_x`, `position_y`, `position_z`, `orientation`, `rotation0`, `rotation1`, `rotation2`, `rotation3`, `spawntimesecs`, `animprogress`, `state`) VALUES
(@OGUID,203624,724,15,1,3154.99,535.637,72.887,3.14159,0,0,0,0,120,0,0); -- GO_TWILIGHT_FLAME_RING
-- ---------------- Spawn hero y otros fix ws -----------------
-- ------------------------------------------------------------
REPLACE INTO creature_template
   (`entry`, `difficulty_entry_1`, `difficulty_entry_2`, `difficulty_entry_3`, `KillCredit1`, `KillCredit2`, `modelid1`, `modelid2`, `modelid3`, `modelid4`, `name`, `subname`, `IconName`, `gossip_menu_id`, `minlevel`, `maxlevel`, `exp`, `faction_A`, `faction_H`, `npcflag`, `speed_walk`, `speed_run`, `scale`, `rank`, `mindmg`, `maxdmg`, `dmgschool`, `attackpower`, `dmg_multiplier`, `baseattacktime`, `rangeattacktime`, `unit_class`, `unit_flags`, `dynamicflags`, `family`, `trainer_type`, `trainer_spell`, `trainer_class`, `trainer_race`, `minrangedmg`, `maxrangedmg`, `rangedattackpower`, `type`, `type_flags`, `lootid`, `pickpocketloot`, `skinloot`, `resistance1`, `resistance2`, `resistance3`, `resistance4`, `resistance5`, `resistance6`, `spell1`, `spell2`, `spell3`, `spell4`, `spell5`, `spell6`, `spell7`, `spell8`, `PetSpellDataId`, `VehicleId`, `mingold`, `maxgold`, `AIName`, `MovementType`, `InhabitType`, `Health_mod`, `Mana_mod`, `Armor_mod`, `RacialLeader`, `questItem1`, `questItem2`, `questItem3`, `questItem4`, `questItem5`, `questItem6`, `movementId`, `RegenHealth`, `equipment_id`, `mechanic_immune_mask`, `flags_extra`, `ScriptName`, `WDBVerified`)
VALUES
   (40081, 40470, 40471, 40472, 0, 0, 169, 11686, 0, 0, 'Orb Carrier', '', '', 0, 80, 80, 2, 14, 14, 0, 1.2, 0.428571, 1, 0, 420, 630, 0, 157, 1, 2000, 2000, 1, 1, 0, 0, 0, 0, 0, 0, 336, 504, 126, 10, 0, 0, 0, 0, 0, 0, 0, 0, 0, 0, 0, 0, 0, 0, 0, 0, 0, 0, 0, 718, 0, 0, '', 0, 7, 1, 1, 1, 0, 0, 0, 0, 0, 0, 0, 76, 0, 0, 0, 128, 'mob_orb_carrier', 12340);

REPLACE INTO creature_template
   (`entry`, `difficulty_entry_1`, `difficulty_entry_2`, `difficulty_entry_3`, `KillCredit1`, `KillCredit2`, `modelid1`, `modelid2`, `modelid3`, `modelid4`, `name`, `subname`, `IconName`, `gossip_menu_id`, `minlevel`, `maxlevel`, `exp`, `faction_A`, `faction_H`, `npcflag`, `speed_walk`, `speed_run`, `scale`, `rank`, `mindmg`, `maxdmg`, `dmgschool`, `attackpower`, `dmg_multiplier`, `baseattacktime`, `rangeattacktime`, `unit_class`, `unit_flags`, `dynamicflags`, `family`, `trainer_type`, `trainer_spell`, `trainer_class`, `trainer_race`, `minrangedmg`, `maxrangedmg`, `rangedattackpower`, `type`, `type_flags`, `lootid`, `pickpocketloot`, `skinloot`, `resistance1`, `resistance2`, `resistance3`, `resistance4`, `resistance5`, `resistance6`, `spell1`, `spell2`, `spell3`, `spell4`, `spell5`, `spell6`, `spell7`, `spell8`, `PetSpellDataId`, `VehicleId`, `mingold`, `maxgold`, `AIName`, `MovementType`, `InhabitType`, `Health_mod`, `Mana_mod`, `Armor_mod`, `RacialLeader`, `questItem1`, `questItem2`, `questItem3`, `questItem4`, `questItem5`, `questItem6`, `movementId`, `RegenHealth`, `equipment_id`, `mechanic_immune_mask`, `flags_extra`, `ScriptName`, `WDBVerified`)
VALUES
   (40083, 0, 0, 0, 0, 0, 32754, 0, 0, 0, 'Shadow Orb', '', '', 0, 80, 80, 2, 14, 14, 0, 2.4, 0.857143, 1, 0, 420, 630, 0, 157, 1, 2000, 2000, 1, 0, 0, 0, 0, 0, 0, 0, 336, 504, 126, 10, 1048576, 0, 0, 0, 0, 0, 0, 0, 0, 0, 0, 0, 0, 0, 0, 0, 0, 0, 0, 0, 0, 0, '', 0, 3, 1, 1, 1, 0, 0, 0, 0, 0, 0, 0, 106, 1, 0, 0, 0, 'mob_halion_orb', 12340);

REPLACE INTO creature_template
   (`entry`, `difficulty_entry_1`, `difficulty_entry_2`, `difficulty_entry_3`, `KillCredit1`, `KillCredit2`, `modelid1`, `modelid2`, `modelid3`, `modelid4`, `name`, `subname`, `IconName`, `gossip_menu_id`, `minlevel`, `maxlevel`, `exp`, `faction_A`, `faction_H`, `npcflag`, `speed_walk`, `speed_run`, `scale`, `rank`, `mindmg`, `maxdmg`, `dmgschool`, `attackpower`, `dmg_multiplier`, `baseattacktime`, `rangeattacktime`, `unit_class`, `unit_flags`, `dynamicflags`, `family`, `trainer_type`, `trainer_spell`, `trainer_class`, `trainer_race`, `minrangedmg`, `maxrangedmg`, `rangedattackpower`, `type`, `type_flags`, `lootid`, `pickpocketloot`, `skinloot`, `resistance1`, `resistance2`, `resistance3`, `resistance4`, `resistance5`, `resistance6`, `spell1`, `spell2`, `spell3`, `spell4`, `spell5`, `spell6`, `spell7`, `spell8`, `PetSpellDataId`, `VehicleId`, `mingold`, `maxgold`, `AIName`, `MovementType`, `InhabitType`, `Health_mod`, `Mana_mod`, `Armor_mod`, `RacialLeader`, `questItem1`, `questItem2`, `questItem3`, `questItem4`, `questItem5`, `questItem6`, `movementId`, `RegenHealth`, `equipment_id`, `mechanic_immune_mask`, `flags_extra`, `ScriptName`, `WDBVerified`)
VALUES
   (40091, 43280, 43281, 43282, 0, 0, 169, 11686, 0, 0, 'Orb Rotation Focus', '', '', 0, 80, 80, 2, 14, 14, 0, 2.2, 0.785714, 1, 0, 420, 630, 0, 157, 1, 2000, 2000, 1, 0, 0, 0, 0, 0, 0, 0, 336, 504, 126, 10, 1048576, 0, 0, 0, 0, 0, 0, 0, 0, 0, 0, 0, 0, 0, 0, 0, 0, 0, 0, 0, 0, 0, '', 0, 7, 1, 1, 1, 0, 0, 0, 0, 0, 0, 0, 98, 1, 0, 0, 128, 'mob_orb_rotation_focus', 12340);

REPLACE INTO creature_template
   (`entry`, `difficulty_entry_1`, `difficulty_entry_2`, `difficulty_entry_3`, `KillCredit1`, `KillCredit2`, `modelid1`, `modelid2`, `modelid3`, `modelid4`, `name`, `subname`, `IconName`, `gossip_menu_id`, `minlevel`, `maxlevel`, `exp`, `faction_A`, `faction_H`, `npcflag`, `speed_walk`, `speed_run`, `scale`, `rank`, `mindmg`, `maxdmg`, `dmgschool`, `attackpower`, `dmg_multiplier`, `baseattacktime`, `rangeattacktime`, `unit_class`, `unit_flags`, `dynamicflags`, `family`, `trainer_type`, `trainer_spell`, `trainer_class`, `trainer_race`, `minrangedmg`, `maxrangedmg`, `rangedattackpower`, `type`, `type_flags`, `lootid`, `pickpocketloot`, `skinloot`, `resistance1`, `resistance2`, `resistance3`, `resistance4`, `resistance5`, `resistance6`, `spell1`, `spell2`, `spell3`, `spell4`, `spell5`, `spell6`, `spell7`, `spell8`, `PetSpellDataId`, `VehicleId`, `mingold`, `maxgold`, `AIName`, `MovementType`, `InhabitType`, `Health_mod`, `Mana_mod`, `Armor_mod`, `RacialLeader`, `questItem1`, `questItem2`, `questItem3`, `questItem4`, `questItem5`, `questItem6`, `movementId`, `RegenHealth`, `equipment_id`, `mechanic_immune_mask`, `flags_extra`, `ScriptName`, `WDBVerified`)
VALUES
   (40100, 0, 0, 0, 0, 0, 32754, 0, 0, 0, 'Shadow Orb', '', '', 0, 80, 80, 2, 14, 14, 0, 2.4, 0.857143, 1, 0, 420, 630, 0, 157, 1, 2000, 2000, 1, 0, 0, 0, 0, 0, 0, 0, 336, 504, 126, 4, 1048576, 0, 0, 0, 0, 0, 0, 0, 0, 0, 0, 0, 0, 0, 0, 0, 0, 0, 0, 0, 0, 0, '', 0, 3, 1, 1, 1, 0, 0, 0, 0, 0, 0, 0, 106, 1, 0, 0, 0, 'mob_halion_orb', 12340);

REPLACE INTO creature_template
   (`entry`, `difficulty_entry_1`, `difficulty_entry_2`, `difficulty_entry_3`, `KillCredit1`, `KillCredit2`, `modelid1`, `modelid2`, `modelid3`, `modelid4`, `name`, `subname`, `IconName`, `gossip_menu_id`, `minlevel`, `maxlevel`, `exp`, `faction_A`, `faction_H`, `npcflag`, `speed_walk`, `speed_run`, `scale`, `rank`, `mindmg`, `maxdmg`, `dmgschool`, `attackpower`, `dmg_multiplier`, `baseattacktime`, `rangeattacktime`, `unit_class`, `unit_flags`, `dynamicflags`, `family`, `trainer_type`, `trainer_spell`, `trainer_class`, `trainer_race`, `minrangedmg`, `maxrangedmg`, `rangedattackpower`, `type`, `type_flags`, `lootid`, `pickpocketloot`, `skinloot`, `resistance1`, `resistance2`, `resistance3`, `resistance4`, `resistance5`, `resistance6`, `spell1`, `spell2`, `spell3`, `spell4`, `spell5`, `spell6`, `spell7`, `spell8`, `PetSpellDataId`, `VehicleId`, `mingold`, `maxgold`, `AIName`, `MovementType`, `InhabitType`, `Health_mod`, `Mana_mod`, `Armor_mod`, `RacialLeader`, `questItem1`, `questItem2`, `questItem3`, `questItem4`, `questItem5`, `questItem6`, `movementId`, `RegenHealth`, `equipment_id`, `mechanic_immune_mask`, `flags_extra`, `ScriptName`, `WDBVerified`)
VALUES
   (40142, 40143, 40144, 40145, 0, 0, 31952, 0, 0, 0, 'Halion', 'The Twilight Destroyer', '', 0, 83, 83, 2, 14, 14, 0, 1.6, 1.42857, 1, 3, 468, 702, 0, 175, 74.6, 2000, 2000, 1, 768, 0, 0, 0, 0, 0, 0, 374, 562, 140, 2, 1132, 0, 0, 0, 0, 0, 0, 0, 0, 0, 26662, 74524, 74562, 74531, 0, 0, 0, 0, 0, 0, 0, 0, '', 0, 3, 800, 1, 1, 0, 0, 0, 0, 0, 0, 0, 150, 1, 0, 803160063, 1, 'boss_halion_twilight', 12340);

REPLACE INTO creature_template
   (`entry`, `difficulty_entry_1`, `difficulty_entry_2`, `difficulty_entry_3`, `KillCredit1`, `KillCredit2`, `modelid1`, `modelid2`, `modelid3`, `modelid4`, `name`, `subname`, `IconName`, `gossip_menu_id`, `minlevel`, `maxlevel`, `exp`, `faction_A`, `faction_H`, `npcflag`, `speed_walk`, `speed_run`, `scale`, `rank`, `mindmg`, `maxdmg`, `dmgschool`, `attackpower`, `dmg_multiplier`, `baseattacktime`, `rangeattacktime`, `unit_class`, `unit_flags`, `dynamicflags`, `family`, `trainer_type`, `trainer_spell`, `trainer_class`, `trainer_race`, `minrangedmg`, `maxrangedmg`, `rangedattackpower`, `type`, `type_flags`, `lootid`, `pickpocketloot`, `skinloot`, `resistance1`, `resistance2`, `resistance3`, `resistance4`, `resistance5`, `resistance6`, `spell1`, `spell2`, `spell3`, `spell4`, `spell5`, `spell6`, `spell7`, `spell8`, `PetSpellDataId`, `VehicleId`, `mingold`, `maxgold`, `AIName`, `MovementType`, `InhabitType`, `Health_mod`, `Mana_mod`, `Armor_mod`, `RacialLeader`, `questItem1`, `questItem2`, `questItem3`, `questItem4`, `questItem5`, `questItem6`, `movementId`, `RegenHealth`, `equipment_id`, `mechanic_immune_mask`, `flags_extra`, `ScriptName`, `WDBVerified`)
VALUES
   (40146, 0, 0, 0, 0, 0, 169, 11686, 0, 0, 'Halion Controller', '', '', 0, 80, 80, 2, 14, 14, 0, 2.8, 1, 1, 0, 420, 630, 0, 157, 1, 2000, 2000, 1, 0, 0, 0, 0, 0, 0, 0, 336, 504, 126, 10, 1048576, 0, 0, 0, 0, 0, 0, 0, 0, 0, 0, 0, 0, 0, 0, 0, 0, 0, 0, 0, 0, 0, '', 0, 7, 1, 1, 1, 0, 0, 0, 0, 0, 0, 0, 118, 1, 0, 0, 128, 'mob_halion_control', 12340);

REPLACE INTO creature_template
   (`entry`, `difficulty_entry_1`, `difficulty_entry_2`, `difficulty_entry_3`, `KillCredit1`, `KillCredit2`, `modelid1`, `modelid2`, `modelid3`, `modelid4`, `name`, `subname`, `IconName`, `gossip_menu_id`, `minlevel`, `maxlevel`, `exp`, `faction_A`, `faction_H`, `npcflag`, `speed_walk`, `speed_run`, `scale`, `rank`, `mindmg`, `maxdmg`, `dmgschool`, `attackpower`, `dmg_multiplier`, `baseattacktime`, `rangeattacktime`, `unit_class`, `unit_flags`, `dynamicflags`, `family`, `trainer_type`, `trainer_spell`, `trainer_class`, `trainer_race`, `minrangedmg`, `maxrangedmg`, `rangedattackpower`, `type`, `type_flags`, `lootid`, `pickpocketloot`, `skinloot`, `resistance1`, `resistance2`, `resistance3`, `resistance4`, `resistance5`, `resistance6`, `spell1`, `spell2`, `spell3`, `spell4`, `spell5`, `spell6`, `spell7`, `spell8`, `PetSpellDataId`, `VehicleId`, `mingold`, `maxgold`, `AIName`, `MovementType`, `InhabitType`, `Health_mod`, `Mana_mod`, `Armor_mod`, `RacialLeader`, `questItem1`, `questItem2`, `questItem3`, `questItem4`, `questItem5`, `questItem6`, `movementId`, `RegenHealth`, `equipment_id`, `mechanic_immune_mask`, `flags_extra`, `ScriptName`, `WDBVerified`)
VALUES
   (39863, 39864, 39944, 39945, 0, 0, 31952, 0, 0, 0, 'Halion', 'The Twilight Destroyer', '', 0, 83, 83, 2, 14, 14, 0, 1, 1.42857, 1, 3, 468, 702, 0, 175, 74.2, 2000, 2000, 1, 768, 0, 0, 0, 0, 0, 0, 374, 562, 140, 2, 108, 39863, 0, 0, 0, 0, 0, 0, 0, 0, 26662, 74524, 74562, 74531, 0, 0, 0, 0, 0, 0, 0, 0, '', 0, 3, 800, 1, 1, 0, 0, 0, 0, 0, 0, 0, 150, 1, 0, 803160063, 1, 'boss_halion_real', 12340);

REPLACE INTO creature_template
   (`entry`, `difficulty_entry_1`, `difficulty_entry_2`, `difficulty_entry_3`, `KillCredit1`, `KillCredit2`, `modelid1`, `modelid2`, `modelid3`, `modelid4`, `name`, `subname`, `IconName`, `gossip_menu_id`, `minlevel`, `maxlevel`, `exp`, `faction_A`, `faction_H`, `npcflag`, `speed_walk`, `speed_run`, `scale`, `rank`, `mindmg`, `maxdmg`, `dmgschool`, `attackpower`, `dmg_multiplier`, `baseattacktime`, `rangeattacktime`, `unit_class`, `unit_flags`, `dynamicflags`, `family`, `trainer_type`, `trainer_spell`, `trainer_class`, `trainer_race`, `minrangedmg`, `maxrangedmg`, `rangedattackpower`, `type`, `type_flags`, `lootid`, `pickpocketloot`, `skinloot`, `resistance1`, `resistance2`, `resistance3`, `resistance4`, `resistance5`, `resistance6`, `spell1`, `spell2`, `spell3`, `spell4`, `spell5`, `spell6`, `spell7`, `spell8`, `PetSpellDataId`, `VehicleId`, `mingold`, `maxgold`, `AIName`, `MovementType`, `InhabitType`, `Health_mod`, `Mana_mod`, `Armor_mod`, `RacialLeader`, `questItem1`, `questItem2`, `questItem3`, `questItem4`, `questItem5`, `questItem6`, `movementId`, `RegenHealth`, `equipment_id`, `mechanic_immune_mask`, `flags_extra`, `ScriptName`, `WDBVerified`)
VALUES
   (39751, 39920, 0, 0, 0, 0, 31761, 0, 0, 0, 'Baltharus the Warborn', '', '', 0, 83, 83, 2, 103, 103, 0, 2.8, 1.71429, 1, 3, 351, 526, 0, 132, 80, 1500, 1500, 1, 0, 0, 0, 0, 0, 0, 0, 281, 421, 106, 2, 76, 39947, 0, 0, 0, 0, 0, 0, 0, 0, 75125, 40504, 74502, 74509, 0, 0, 0, 0, 0, 0, 0, 0, '', 0, 3, 250, 1, 1, 0, 0, 0, 0, 0, 0, 0, 171, 1, 1568, 803160063, 1, 'boss_baltharus', 12340);

REPLACE INTO creature_template
   (`entry`, `difficulty_entry_1`, `difficulty_entry_2`, `difficulty_entry_3`, `KillCredit1`, `KillCredit2`, `modelid1`, `modelid2`, `modelid3`, `modelid4`, `name`, `subname`, `IconName`, `gossip_menu_id`, `minlevel`, `maxlevel`, `exp`, `faction_A`, `faction_H`, `npcflag`, `speed_walk`, `speed_run`, `scale`, `rank`, `mindmg`, `maxdmg`, `dmgschool`, `attackpower`, `dmg_multiplier`, `baseattacktime`, `rangeattacktime`, `unit_class`, `unit_flags`, `dynamicflags`, `family`, `trainer_type`, `trainer_spell`, `trainer_class`, `trainer_race`, `minrangedmg`, `maxrangedmg`, `rangedattackpower`, `type`, `type_flags`, `lootid`, `pickpocketloot`, `skinloot`, `resistance1`, `resistance2`, `resistance3`, `resistance4`, `resistance5`, `resistance6`, `spell1`, `spell2`, `spell3`, `spell4`, `spell5`, `spell6`, `spell7`, `spell8`, `PetSpellDataId`, `VehicleId`, `mingold`, `maxgold`, `AIName`, `MovementType`, `InhabitType`, `Health_mod`, `Mana_mod`, `Armor_mod`, `RacialLeader`, `questItem1`, `questItem2`, `questItem3`, `questItem4`, `questItem5`, `questItem6`, `movementId`, `RegenHealth`, `equipment_id`, `mechanic_immune_mask`, `flags_extra`, `ScriptName`, `WDBVerified`)
VALUES
   (39899, 39922, 0, 0, 0, 0, 31761, 0, 0, 0, 'Baltharus the Warborn', '', '', 0, 83, 83, 2, 103, 103, 0, 2.8, 1.71429, 1, 3, 351, 526, 0, 132, 80, 1500, 1500, 1, 0, 0, 0, 0, 0, 0, 0, 281, 421, 106, 2, 76, 0, 0, 0, 0, 0, 0, 0, 0, 0, 75125, 40504, 74502, 74509, 0, 0, 0, 0, 0, 0, 0, 0, '', 0, 3, 250, 1, 1, 0, 0, 0, 0, 0, 0, 0, 171, 1, 1568, 803160063, 1, 'mob_baltharus_clone', 12340);

REPLACE INTO creature_template
   (`entry`, `difficulty_entry_1`, `difficulty_entry_2`, `difficulty_entry_3`, `KillCredit1`, `KillCredit2`, `modelid1`, `modelid2`, `modelid3`, `modelid4`, `name`, `subname`, `IconName`, `gossip_menu_id`, `minlevel`, `maxlevel`, `exp`, `faction_A`, `faction_H`, `npcflag`, `speed_walk`, `speed_run`, `scale`, `rank`, `mindmg`, `maxdmg`, `dmgschool`, `attackpower`, `dmg_multiplier`, `baseattacktime`, `rangeattacktime`, `unit_class`, `unit_flags`, `dynamicflags`, `family`, `trainer_type`, `trainer_spell`, `trainer_class`, `trainer_race`, `minrangedmg`, `maxrangedmg`, `rangedattackpower`, `type`, `type_flags`, `lootid`, `pickpocketloot`, `skinloot`, `resistance1`, `resistance2`, `resistance3`, `resistance4`, `resistance5`, `resistance6`, `spell1`, `spell2`, `spell3`, `spell4`, `spell5`, `spell6`, `spell7`, `spell8`, `PetSpellDataId`, `VehicleId`, `mingold`, `maxgold`, `AIName`, `MovementType`, `InhabitType`, `Health_mod`, `Mana_mod`, `Armor_mod`, `RacialLeader`, `questItem1`, `questItem2`, `questItem3`, `questItem4`, `questItem5`, `questItem6`, `movementId`, `RegenHealth`, `equipment_id`, `mechanic_immune_mask`, `flags_extra`, `ScriptName`, `WDBVerified`)
VALUES
   (39746, 39805, 0, 0, 0, 0, 32179, 0, 0, 0, 'General Zarithrian', '', '', 0, 83, 83, 2, 16, 16, 0, 0.888888, 1.42857, 1, 3, 351, 526, 0, 132, 74.8, 1500, 1500, 1, 0, 0, 0, 0, 0, 0, 0, 281, 421, 106, 2, 76, 39946, 0, 0, 0, 0, 0, 0, 0, 0, 74367, 74384, 0, 0, 0, 0, 0, 0, 0, 0, 0, 0, '', 0, 3, 297, 1, 1, 0, 0, 0, 0, 0, 0, 0, 144, 1, 1764, 803160063, 1, 'boss_zarithrian', 12340);

REPLACE INTO creature_template
   (`entry`, `difficulty_entry_1`, `difficulty_entry_2`, `difficulty_entry_3`, `KillCredit1`, `KillCredit2`, `modelid1`, `modelid2`, `modelid3`, `modelid4`, `name`, `subname`, `IconName`, `gossip_menu_id`, `minlevel`, `maxlevel`, `exp`, `faction_A`, `faction_H`, `npcflag`, `speed_walk`, `speed_run`, `scale`, `rank`, `mindmg`, `maxdmg`, `dmgschool`, `attackpower`, `dmg_multiplier`, `baseattacktime`, `rangeattacktime`, `unit_class`, `unit_flags`, `dynamicflags`, `family`, `trainer_type`, `trainer_spell`, `trainer_class`, `trainer_race`, `minrangedmg`, `maxrangedmg`, `rangedattackpower`, `type`, `type_flags`, `lootid`, `pickpocketloot`, `skinloot`, `resistance1`, `resistance2`, `resistance3`, `resistance4`, `resistance5`, `resistance6`, `spell1`, `spell2`, `spell3`, `spell4`, `spell5`, `spell6`, `spell7`, `spell8`, `PetSpellDataId`, `VehicleId`, `mingold`, `maxgold`, `AIName`, `MovementType`, `InhabitType`, `Health_mod`, `Mana_mod`, `Armor_mod`, `RacialLeader`, `questItem1`, `questItem2`, `questItem3`, `questItem4`, `questItem5`, `questItem6`, `movementId`, `RegenHealth`, `equipment_id`, `mechanic_immune_mask`, `flags_extra`, `ScriptName`, `WDBVerified`)
VALUES
   (39747, 39823, 0, 0, 0, 0, 31577, 0, 0, 0, 'Saviana Ragefire', '', '', 0, 83, 83, 2, 103, 103, 0, 2, 2.14286, 1, 3, 351, 526, 0, 132, 74.8, 1500, 1500, 1, 0, 0, 0, 0, 0, 0, 0, 281, 421, 106, 2, 76, 39948, 0, 0, 0, 0, 0, 0, 0, 0, 74452, 78722, 74404, 0, 0, 0, 0, 0, 0, 0, 0, 0, '', 0, 7, 300, 1, 1, 0, 0, 0, 0, 0, 0, 0, 191, 1, 0, 803160063, 1, 'boss_ragefire', 12340);

REPLACE INTO creature_template
   (`entry`, `difficulty_entry_1`, `difficulty_entry_2`, `difficulty_entry_3`, `KillCredit1`, `KillCredit2`, `modelid1`, `modelid2`, `modelid3`, `modelid4`, `name`, `subname`, `IconName`, `gossip_menu_id`, `minlevel`, `maxlevel`, `exp`, `faction_A`, `faction_H`, `npcflag`, `speed_walk`, `speed_run`, `scale`, `rank`, `mindmg`, `maxdmg`, `dmgschool`, `attackpower`, `dmg_multiplier`, `baseattacktime`, `rangeattacktime`, `unit_class`, `unit_flags`, `dynamicflags`, `family`, `trainer_type`, `trainer_spell`, `trainer_class`, `trainer_race`, `minrangedmg`, `maxrangedmg`, `rangedattackpower`, `type`, `type_flags`, `lootid`, `pickpocketloot`, `skinloot`, `resistance1`, `resistance2`, `resistance3`, `resistance4`, `resistance5`, `resistance6`, `spell1`, `spell2`, `spell3`, `spell4`, `spell5`, `spell6`, `spell7`, `spell8`, `PetSpellDataId`, `VehicleId`, `mingold`, `maxgold`, `AIName`, `MovementType`, `InhabitType`, `Health_mod`, `Mana_mod`, `Armor_mod`, `RacialLeader`, `questItem1`, `questItem2`, `questItem3`, `questItem4`, `questItem5`, `questItem6`, `movementId`, `RegenHealth`, `equipment_id`, `mechanic_immune_mask`, `flags_extra`, `ScriptName`, `WDBVerified`)
VALUES
   (40429, 0, 0, 0, 0, 0, 31962, 0, 0, 0, 'Sanctum Guardian Xerestrasza', '', '', 0, 80, 80, 2, 2010, 2010, 2, 1, 1.14286, 1, 0, 230, 345, 0, 86, 1.4, 1500, 1500, 8, 0, 0, 0, 0, 0, 0, 0, 184, 276, 69, 2, 4096, 0, 0, 0, 0, 0, 0, 0, 0, 0, 0, 0, 0, 0, 0, 0, 0, 0, 0, 0, 0, 0, '', 0, 3, 189, 832, 1, 0, 0, 0, 0, 0, 0, 0, 0, 1, 0, 0, 0, 'mob_xerestrasza', 12340);

REPLACE INTO creature_template
   (`entry`, `difficulty_entry_1`, `difficulty_entry_2`, `difficulty_entry_3`, `KillCredit1`, `KillCredit2`, `modelid1`, `modelid2`, `modelid3`, `modelid4`, `name`, `subname`, `IconName`, `gossip_menu_id`, `minlevel`, `maxlevel`, `exp`, `faction_A`, `faction_H`, `npcflag`, `speed_walk`, `speed_run`, `scale`, `rank`, `mindmg`, `maxdmg`, `dmgschool`, `attackpower`, `dmg_multiplier`, `baseattacktime`, `rangeattacktime`, `unit_class`, `unit_flags`, `dynamicflags`, `family`, `trainer_type`, `trainer_spell`, `trainer_class`, `trainer_race`, `minrangedmg`, `maxrangedmg`, `rangedattackpower`, `type`, `type_flags`, `lootid`, `pickpocketloot`, `skinloot`, `resistance1`, `resistance2`, `resistance3`, `resistance4`, `resistance5`, `resistance6`, `spell1`, `spell2`, `spell3`, `spell4`, `spell5`, `spell6`, `spell7`, `spell8`, `PetSpellDataId`, `VehicleId`, `mingold`, `maxgold`, `AIName`, `MovementType`, `InhabitType`, `Health_mod`, `Mana_mod`, `Armor_mod`, `RacialLeader`, `questItem1`, `questItem2`, `questItem3`, `questItem4`, `questItem5`, `questItem6`, `movementId`, `RegenHealth`, `equipment_id`, `mechanic_immune_mask`, `flags_extra`, `ScriptName`, `WDBVerified`)
VALUES
   (26712, 0, 0, 0, 0, 0, 169, 17188, 0, 0, 'Crystal Channel Target', '', '', 0, 70, 70, 2, 14, 14, 0, 1, 1.14286, 1, 0, 260, 390, 0, 97, 1, 2000, 2000, 1, 33555200, 8, 0, 0, 0, 0, 0, 208, 312, 78, 10, 0, 0, 0, 0, 0, 0, 0, 0, 0, 0, 0, 0, 0, 0, 0, 0, 0, 0, 0, 0, 0, 0, '', 0, 4, 1, 1, 1, 0, 0, 0, 0, 0, 0, 0, 0, 1, 0, 0, 2, '', 12340);

REPLACE INTO creature_template
   (`entry`, `difficulty_entry_1`, `difficulty_entry_2`, `difficulty_entry_3`, `KillCredit1`, `KillCredit2`, `modelid1`, `modelid2`, `modelid3`, `modelid4`, `name`, `subname`, `IconName`, `gossip_menu_id`, `minlevel`, `maxlevel`, `exp`, `faction_A`, `faction_H`, `npcflag`, `speed_walk`, `speed_run`, `scale`, `rank`, `mindmg`, `maxdmg`, `dmgschool`, `attackpower`, `dmg_multiplier`, `baseattacktime`, `rangeattacktime`, `unit_class`, `unit_flags`, `dynamicflags`, `family`, `trainer_type`, `trainer_spell`, `trainer_class`, `trainer_race`, `minrangedmg`, `maxrangedmg`, `rangedattackpower`, `type`, `type_flags`, `lootid`, `pickpocketloot`, `skinloot`, `resistance1`, `resistance2`, `resistance3`, `resistance4`, `resistance5`, `resistance6`, `spell1`, `spell2`, `spell3`, `spell4`, `spell5`, `spell6`, `spell7`, `spell8`, `PetSpellDataId`, `VehicleId`, `mingold`, `maxgold`, `AIName`, `MovementType`, `InhabitType`, `Health_mod`, `Mana_mod`, `Armor_mod`, `RacialLeader`, `questItem1`, `questItem2`, `questItem3`, `questItem4`, `questItem5`, `questItem6`, `movementId`, `RegenHealth`, `equipment_id`, `mechanic_immune_mask`, `flags_extra`, `ScriptName`, `WDBVerified`)
VALUES
   (39794, 0, 0, 0, 0, 0, 169, 16925, 0, 0, 'Zarithrian Spawn Stalker', '', '', 0, 80, 80, 2, 14, 14, 0, 1, 0.992063, 1, 0, 420, 630, 0, 157, 1, 2000, 2000, 1, 0, 0, 0, 0, 0, 0, 0, 336, 504, 126, 10, 0, 0, 0, 0, 0, 0, 0, 0, 0, 0, 0, 0, 0, 0, 0, 0, 0, 0, 0, 0, 0, 0, '', 0, 7, 1, 1, 1, 0, 0, 0, 0, 0, 0, 0, 0, 1, 0, 0, 130, '', 12340);

REPLACE INTO creature_template
   (`entry`, `difficulty_entry_1`, `difficulty_entry_2`, `difficulty_entry_3`, `KillCredit1`, `KillCredit2`, `modelid1`, `modelid2`, `modelid3`, `modelid4`, `name`, `subname`, `IconName`, `gossip_menu_id`, `minlevel`, `maxlevel`, `exp`, `faction_A`, `faction_H`, `npcflag`, `speed_walk`, `speed_run`, `scale`, `rank`, `mindmg`, `maxdmg`, `dmgschool`, `attackpower`, `dmg_multiplier`, `baseattacktime`, `rangeattacktime`, `unit_class`, `unit_flags`, `dynamicflags`, `family`, `trainer_type`, `trainer_spell`, `trainer_class`, `trainer_race`, `minrangedmg`, `maxrangedmg`, `rangedattackpower`, `type`, `type_flags`, `lootid`, `pickpocketloot`, `skinloot`, `resistance1`, `resistance2`, `resistance3`, `resistance4`, `resistance5`, `resistance6`, `spell1`, `spell2`, `spell3`, `spell4`, `spell5`, `spell6`, `spell7`, `spell8`, `PetSpellDataId`, `VehicleId`, `mingold`, `maxgold`, `AIName`, `MovementType`, `InhabitType`, `Health_mod`, `Mana_mod`, `Armor_mod`, `RacialLeader`, `questItem1`, `questItem2`, `questItem3`, `questItem4`, `questItem5`, `questItem6`, `movementId`, `RegenHealth`, `equipment_id`, `mechanic_immune_mask`, `flags_extra`, `ScriptName`, `WDBVerified`)
VALUES
   (40470, 0, 0, 0, 0, 0, 0, 0, 0, 0, 'Orb Carrier (1)', NULL, NULL, 0, 1, 1, 0, 0, 0, 0, 1, 1.14286, 1, 0, 0, 0, 0, 0, 1, 0, 0, 1, 0, 0, 0, 0, 0, 0, 0, 0, 0, 0, 0, 0, 0, 0, 0, 0, 0, 0, 0, 0, 0, 0, 0, 0, 0, 0, 0, 0, 0, 0, 0, 0, 0, '', 0, 3, 1, 1, 1, 0, 0, 0, 0, 0, 0, 0, 0, 1, 0, 0, 0, '', 1);

REPLACE INTO creature_template
   (`entry`, `difficulty_entry_1`, `difficulty_entry_2`, `difficulty_entry_3`, `KillCredit1`, `KillCredit2`, `modelid1`, `modelid2`, `modelid3`, `modelid4`, `name`, `subname`, `IconName`, `gossip_menu_id`, `minlevel`, `maxlevel`, `exp`, `faction_A`, `faction_H`, `npcflag`, `speed_walk`, `speed_run`, `scale`, `rank`, `mindmg`, `maxdmg`, `dmgschool`, `attackpower`, `dmg_multiplier`, `baseattacktime`, `rangeattacktime`, `unit_class`, `unit_flags`, `dynamicflags`, `family`, `trainer_type`, `trainer_spell`, `trainer_class`, `trainer_race`, `minrangedmg`, `maxrangedmg`, `rangedattackpower`, `type`, `type_flags`, `lootid`, `pickpocketloot`, `skinloot`, `resistance1`, `resistance2`, `resistance3`, `resistance4`, `resistance5`, `resistance6`, `spell1`, `spell2`, `spell3`, `spell4`, `spell5`, `spell6`, `spell7`, `spell8`, `PetSpellDataId`, `VehicleId`, `mingold`, `maxgold`, `AIName`, `MovementType`, `InhabitType`, `Health_mod`, `Mana_mod`, `Armor_mod`, `RacialLeader`, `questItem1`, `questItem2`, `questItem3`, `questItem4`, `questItem5`, `questItem6`, `movementId`, `RegenHealth`, `equipment_id`, `mechanic_immune_mask`, `flags_extra`, `ScriptName`, `WDBVerified`)
VALUES
   (40143, 0, 0, 0, 0, 0, 31952, 0, 0, 0, 'Halion (1)', 'The Twilight Destroyer', '', 0, 83, 83, 2, 14, 14, 0, 1.6, 1.42857, 1, 3, 468, 702, 0, 175, 112.6, 2000, 2000, 1, 768, 0, 0, 0, 0, 0, 0, 374, 562, 140, 2, 1132, 0, 0, 0, 0, 0, 0, 0, 0, 0, 26662, 74524, 74562, 74531, 0, 0, 0, 0, 0, 0, 0, 0, '', 0, 3, 2900, 1, 1, 0, 0, 0, 0, 0, 0, 0, 150, 1, 0, 803160063, 1, '', 12340);

REPLACE INTO creature_template
   (`entry`, `difficulty_entry_1`, `difficulty_entry_2`, `difficulty_entry_3`, `KillCredit1`, `KillCredit2`, `modelid1`, `modelid2`, `modelid3`, `modelid4`, `name`, `subname`, `IconName`, `gossip_menu_id`, `minlevel`, `maxlevel`, `exp`, `faction_A`, `faction_H`, `npcflag`, `speed_walk`, `speed_run`, `scale`, `rank`, `mindmg`, `maxdmg`, `dmgschool`, `attackpower`, `dmg_multiplier`, `baseattacktime`, `rangeattacktime`, `unit_class`, `unit_flags`, `dynamicflags`, `family`, `trainer_type`, `trainer_spell`, `trainer_class`, `trainer_race`, `minrangedmg`, `maxrangedmg`, `rangedattackpower`, `type`, `type_flags`, `lootid`, `pickpocketloot`, `skinloot`, `resistance1`, `resistance2`, `resistance3`, `resistance4`, `resistance5`, `resistance6`, `spell1`, `spell2`, `spell3`, `spell4`, `spell5`, `spell6`, `spell7`, `spell8`, `PetSpellDataId`, `VehicleId`, `mingold`, `maxgold`, `AIName`, `MovementType`, `InhabitType`, `Health_mod`, `Mana_mod`, `Armor_mod`, `RacialLeader`, `questItem1`, `questItem2`, `questItem3`, `questItem4`, `questItem5`, `questItem6`, `movementId`, `RegenHealth`, `equipment_id`, `mechanic_immune_mask`, `flags_extra`, `ScriptName`, `WDBVerified`)
VALUES
   (43280, 0, 0, 0, 0, 0, 169, 11686, 0, 0, 'Orb Rotation Focus (1)', '', '', 0, 80, 80, 2, 14, 14, 0, 2.2, 0.785714, 1, 0, 420, 630, 0, 157, 1, 2000, 2000, 1, 0, 0, 0, 0, 0, 0, 0, 336, 504, 126, 10, 1048576, 0, 0, 0, 0, 0, 0, 0, 0, 0, 0, 0, 0, 0, 0, 0, 0, 0, 0, 0, 0, 0, '', 0, 7, 1, 1, 1, 0, 0, 0, 0, 0, 0, 0, 98, 1, 0, 0, 128, '', 12340);

REPLACE INTO creature_template
   (`entry`, `difficulty_entry_1`, `difficulty_entry_2`, `difficulty_entry_3`, `KillCredit1`, `KillCredit2`, `modelid1`, `modelid2`, `modelid3`, `modelid4`, `name`, `subname`, `IconName`, `gossip_menu_id`, `minlevel`, `maxlevel`, `exp`, `faction_A`, `faction_H`, `npcflag`, `speed_walk`, `speed_run`, `scale`, `rank`, `mindmg`, `maxdmg`, `dmgschool`, `attackpower`, `dmg_multiplier`, `baseattacktime`, `rangeattacktime`, `unit_class`, `unit_flags`, `dynamicflags`, `family`, `trainer_type`, `trainer_spell`, `trainer_class`, `trainer_race`, `minrangedmg`, `maxrangedmg`, `rangedattackpower`, `type`, `type_flags`, `lootid`, `pickpocketloot`, `skinloot`, `resistance1`, `resistance2`, `resistance3`, `resistance4`, `resistance5`, `resistance6`, `spell1`, `spell2`, `spell3`, `spell4`, `spell5`, `spell6`, `spell7`, `spell8`, `PetSpellDataId`, `VehicleId`, `mingold`, `maxgold`, `AIName`, `MovementType`, `InhabitType`, `Health_mod`, `Mana_mod`, `Armor_mod`, `RacialLeader`, `questItem1`, `questItem2`, `questItem3`, `questItem4`, `questItem5`, `questItem6`, `movementId`, `RegenHealth`, `equipment_id`, `mechanic_immune_mask`, `flags_extra`, `ScriptName`, `WDBVerified`)
VALUES
   (39864, 0, 0, 0, 0, 0, 31952, 0, 0, 0, 'Halion (1)', 'The Twilight Destroyer', '', 0, 83, 83, 2, 14, 14, 0, 1, 1.42857, 1, 3, 468, 702, 0, 175, 112.2, 2000, 2000, 1, 768, 0, 0, 0, 0, 0, 0, 374, 562, 140, 2, 108, 39864, 0, 0, 0, 0, 0, 0, 0, 0, 26662, 74524, 74562, 74531, 0, 0, 0, 0, 0, 0, 0, 0, '', 0, 3, 2900, 1, 1, 0, 0, 0, 0, 0, 0, 0, 150, 1, 0, 803160063, 1, '', 12340);

REPLACE INTO creature_template
   (`entry`, `difficulty_entry_1`, `difficulty_entry_2`, `difficulty_entry_3`, `KillCredit1`, `KillCredit2`, `modelid1`, `modelid2`, `modelid3`, `modelid4`, `name`, `subname`, `IconName`, `gossip_menu_id`, `minlevel`, `maxlevel`, `exp`, `faction_A`, `faction_H`, `npcflag`, `speed_walk`, `speed_run`, `scale`, `rank`, `mindmg`, `maxdmg`, `dmgschool`, `attackpower`, `dmg_multiplier`, `baseattacktime`, `rangeattacktime`, `unit_class`, `unit_flags`, `dynamicflags`, `family`, `trainer_type`, `trainer_spell`, `trainer_class`, `trainer_race`, `minrangedmg`, `maxrangedmg`, `rangedattackpower`, `type`, `type_flags`, `lootid`, `pickpocketloot`, `skinloot`, `resistance1`, `resistance2`, `resistance3`, `resistance4`, `resistance5`, `resistance6`, `spell1`, `spell2`, `spell3`, `spell4`, `spell5`, `spell6`, `spell7`, `spell8`, `PetSpellDataId`, `VehicleId`, `mingold`, `maxgold`, `AIName`, `MovementType`, `InhabitType`, `Health_mod`, `Mana_mod`, `Armor_mod`, `RacialLeader`, `questItem1`, `questItem2`, `questItem3`, `questItem4`, `questItem5`, `questItem6`, `movementId`, `RegenHealth`, `equipment_id`, `mechanic_immune_mask`, `flags_extra`, `ScriptName`, `WDBVerified`)
VALUES
   (39920, 0, 0, 0, 0, 0, 31761, 0, 0, 0, 'Baltharus the Warborn (1)', '', '', 0, 83, 83, 2, 103, 103, 0, 2.8, 1.71429, 1, 3, 351, 526, 0, 132, 112.8, 1500, 1500, 1, 0, 0, 0, 0, 0, 0, 0, 281, 421, 106, 2, 76, 0, 0, 0, 0, 0, 0, 0, 0, 0, 75125, 40504, 74502, 74509, 0, 0, 0, 0, 0, 0, 0, 0, '', 0, 3, 800, 1, 1, 0, 0, 0, 0, 0, 0, 0, 171, 1, 1568, 803160063, 1, '', 12340);

REPLACE INTO creature_template
   (`entry`, `difficulty_entry_1`, `difficulty_entry_2`, `difficulty_entry_3`, `KillCredit1`, `KillCredit2`, `modelid1`, `modelid2`, `modelid3`, `modelid4`, `name`, `subname`, `IconName`, `gossip_menu_id`, `minlevel`, `maxlevel`, `exp`, `faction_A`, `faction_H`, `npcflag`, `speed_walk`, `speed_run`, `scale`, `rank`, `mindmg`, `maxdmg`, `dmgschool`, `attackpower`, `dmg_multiplier`, `baseattacktime`, `rangeattacktime`, `unit_class`, `unit_flags`, `dynamicflags`, `family`, `trainer_type`, `trainer_spell`, `trainer_class`, `trainer_race`, `minrangedmg`, `maxrangedmg`, `rangedattackpower`, `type`, `type_flags`, `lootid`, `pickpocketloot`, `skinloot`, `resistance1`, `resistance2`, `resistance3`, `resistance4`, `resistance5`, `resistance6`, `spell1`, `spell2`, `spell3`, `spell4`, `spell5`, `spell6`, `spell7`, `spell8`, `PetSpellDataId`, `VehicleId`, `mingold`, `maxgold`, `AIName`, `MovementType`, `InhabitType`, `Health_mod`, `Mana_mod`, `Armor_mod`, `RacialLeader`, `questItem1`, `questItem2`, `questItem3`, `questItem4`, `questItem5`, `questItem6`, `movementId`, `RegenHealth`, `equipment_id`, `mechanic_immune_mask`, `flags_extra`, `ScriptName`, `WDBVerified`)
VALUES
   (39922, 0, 0, 0, 0, 0, 31761, 0, 0, 0, 'Baltharus the Warborn (1)', '', '', 0, 83, 83, 2, 103, 103, 0, 2.8, 1.71429, 1, 3, 351, 526, 0, 132, 112.8, 1500, 1500, 1, 0, 0, 0, 0, 0, 0, 0, 281, 421, 106, 2, 76, 0, 0, 0, 0, 0, 0, 0, 0, 0, 75125, 40504, 74502, 74509, 0, 0, 0, 0, 0, 0, 0, 0, '', 0, 3, 800, 1, 1, 0, 0, 0, 0, 0, 0, 0, 171, 1, 1568, 803160063, 1, '', 12340);

REPLACE INTO creature_template
   (`entry`, `difficulty_entry_1`, `difficulty_entry_2`, `difficulty_entry_3`, `KillCredit1`, `KillCredit2`, `modelid1`, `modelid2`, `modelid3`, `modelid4`, `name`, `subname`, `IconName`, `gossip_menu_id`, `minlevel`, `maxlevel`, `exp`, `faction_A`, `faction_H`, `npcflag`, `speed_walk`, `speed_run`, `scale`, `rank`, `mindmg`, `maxdmg`, `dmgschool`, `attackpower`, `dmg_multiplier`, `baseattacktime`, `rangeattacktime`, `unit_class`, `unit_flags`, `dynamicflags`, `family`, `trainer_type`, `trainer_spell`, `trainer_class`, `trainer_race`, `minrangedmg`, `maxrangedmg`, `rangedattackpower`, `type`, `type_flags`, `lootid`, `pickpocketloot`, `skinloot`, `resistance1`, `resistance2`, `resistance3`, `resistance4`, `resistance5`, `resistance6`, `spell1`, `spell2`, `spell3`, `spell4`, `spell5`, `spell6`, `spell7`, `spell8`, `PetSpellDataId`, `VehicleId`, `mingold`, `maxgold`, `AIName`, `MovementType`, `InhabitType`, `Health_mod`, `Mana_mod`, `Armor_mod`, `RacialLeader`, `questItem1`, `questItem2`, `questItem3`, `questItem4`, `questItem5`, `questItem6`, `movementId`, `RegenHealth`, `equipment_id`, `mechanic_immune_mask`, `flags_extra`, `ScriptName`, `WDBVerified`)
VALUES
   (39805, 0, 0, 0, 0, 0, 32179, 0, 0, 0, 'General Zarithrian (1)', '', '', 0, 83, 83, 2, 16, 16, 0, 0.888888, 1.42857, 1, 3, 351, 526, 0, 132, 112.8, 1500, 1500, 1, 0, 0, 0, 0, 0, 0, 0, 281, 421, 106, 2, 76, 0, 0, 0, 0, 0, 0, 0, 0, 0, 74367, 74384, 0, 0, 0, 0, 0, 0, 0, 0, 0, 0, '', 0, 3, 1011, 1, 1, 0, 0, 0, 0, 0, 0, 0, 144, 1, 1764, 803160063, 1, '', 12340);

REPLACE INTO creature_template
   (`entry`, `difficulty_entry_1`, `difficulty_entry_2`, `difficulty_entry_3`, `KillCredit1`, `KillCredit2`, `modelid1`, `modelid2`, `modelid3`, `modelid4`, `name`, `subname`, `IconName`, `gossip_menu_id`, `minlevel`, `maxlevel`, `exp`, `faction_A`, `faction_H`, `npcflag`, `speed_walk`, `speed_run`, `scale`, `rank`, `mindmg`, `maxdmg`, `dmgschool`, `attackpower`, `dmg_multiplier`, `baseattacktime`, `rangeattacktime`, `unit_class`, `unit_flags`, `dynamicflags`, `family`, `trainer_type`, `trainer_spell`, `trainer_class`, `trainer_race`, `minrangedmg`, `maxrangedmg`, `rangedattackpower`, `type`, `type_flags`, `lootid`, `pickpocketloot`, `skinloot`, `resistance1`, `resistance2`, `resistance3`, `resistance4`, `resistance5`, `resistance6`, `spell1`, `spell2`, `spell3`, `spell4`, `spell5`, `spell6`, `spell7`, `spell8`, `PetSpellDataId`, `VehicleId`, `mingold`, `maxgold`, `AIName`, `MovementType`, `InhabitType`, `Health_mod`, `Mana_mod`, `Armor_mod`, `RacialLeader`, `questItem1`, `questItem2`, `questItem3`, `questItem4`, `questItem5`, `questItem6`, `movementId`, `RegenHealth`, `equipment_id`, `mechanic_immune_mask`, `flags_extra`, `ScriptName`, `WDBVerified`)
VALUES
   (39823, 0, 0, 0, 0, 0, 31577, 0, 0, 0, 'Saviana Ragefire (1)', '', '', 0, 83, 83, 2, 103, 103, 0, 2, 2.14286, 1, 3, 351, 526, 0, 132, 112.8, 1500, 1500, 1, 0, 0, 0, 0, 0, 0, 0, 281, 421, 106, 2, 76, 0, 0, 0, 0, 0, 0, 0, 0, 0, 74452, 78722, 74404, 0, 0, 0, 0, 0, 0, 0, 0, 0, '', 0, 3, 1000, 1, 1, 0, 0, 0, 0, 0, 0, 0, 191, 1, 0, 803160063, 1, '', 12340);

REPLACE INTO creature_template
   (`entry`, `difficulty_entry_1`, `difficulty_entry_2`, `difficulty_entry_3`, `KillCredit1`, `KillCredit2`, `modelid1`, `modelid2`, `modelid3`, `modelid4`, `name`, `subname`, `IconName`, `gossip_menu_id`, `minlevel`, `maxlevel`, `exp`, `faction_A`, `faction_H`, `npcflag`, `speed_walk`, `speed_run`, `scale`, `rank`, `mindmg`, `maxdmg`, `dmgschool`, `attackpower`, `dmg_multiplier`, `baseattacktime`, `rangeattacktime`, `unit_class`, `unit_flags`, `dynamicflags`, `family`, `trainer_type`, `trainer_spell`, `trainer_class`, `trainer_race`, `minrangedmg`, `maxrangedmg`, `rangedattackpower`, `type`, `type_flags`, `lootid`, `pickpocketloot`, `skinloot`, `resistance1`, `resistance2`, `resistance3`, `resistance4`, `resistance5`, `resistance6`, `spell1`, `spell2`, `spell3`, `spell4`, `spell5`, `spell6`, `spell7`, `spell8`, `PetSpellDataId`, `VehicleId`, `mingold`, `maxgold`, `AIName`, `MovementType`, `InhabitType`, `Health_mod`, `Mana_mod`, `Armor_mod`, `RacialLeader`, `questItem1`, `questItem2`, `questItem3`, `questItem4`, `questItem5`, `questItem6`, `movementId`, `RegenHealth`, `equipment_id`, `mechanic_immune_mask`, `flags_extra`, `ScriptName`, `WDBVerified`)
VALUES
   (40471, 0, 0, 0, 0, 0, 169, 11686, 0, 0, 'Orb Carrier (2)', '', '', 0, 80, 80, 2, 14, 14, 0, 1.2, 0.428571, 1, 0, 420, 630, 0, 157, 1, 2000, 2000, 1, 0, 0, 0, 0, 0, 0, 0, 336, 504, 126, 10, 0, 0, 0, 0, 0, 0, 0, 0, 0, 0, 0, 0, 0, 0, 0, 0, 0, 0, 0, 718, 0, 0, '', 0, 7, 1, 1, 1, 0, 0, 0, 0, 0, 0, 0, 76, 0, 0, 0, 128, '', 12340);

REPLACE INTO creature_template
   (`entry`, `difficulty_entry_1`, `difficulty_entry_2`, `difficulty_entry_3`, `KillCredit1`, `KillCredit2`, `modelid1`, `modelid2`, `modelid3`, `modelid4`, `name`, `subname`, `IconName`, `gossip_menu_id`, `minlevel`, `maxlevel`, `exp`, `faction_A`, `faction_H`, `npcflag`, `speed_walk`, `speed_run`, `scale`, `rank`, `mindmg`, `maxdmg`, `dmgschool`, `attackpower`, `dmg_multiplier`, `baseattacktime`, `rangeattacktime`, `unit_class`, `unit_flags`, `dynamicflags`, `family`, `trainer_type`, `trainer_spell`, `trainer_class`, `trainer_race`, `minrangedmg`, `maxrangedmg`, `rangedattackpower`, `type`, `type_flags`, `lootid`, `pickpocketloot`, `skinloot`, `resistance1`, `resistance2`, `resistance3`, `resistance4`, `resistance5`, `resistance6`, `spell1`, `spell2`, `spell3`, `spell4`, `spell5`, `spell6`, `spell7`, `spell8`, `PetSpellDataId`, `VehicleId`, `mingold`, `maxgold`, `AIName`, `MovementType`, `InhabitType`, `Health_mod`, `Mana_mod`, `Armor_mod`, `RacialLeader`, `questItem1`, `questItem2`, `questItem3`, `questItem4`, `questItem5`, `questItem6`, `movementId`, `RegenHealth`, `equipment_id`, `mechanic_immune_mask`, `flags_extra`, `ScriptName`, `WDBVerified`)
VALUES
   (40472, 0, 0, 0, 0, 0, 169, 11686, 0, 0, 'Orb Carrier (3)', '', '', 0, 80, 80, 2, 14, 14, 0, 1.2, 0.428571, 1, 0, 420, 630, 0, 157, 1, 2000, 2000, 1, 0, 0, 0, 0, 0, 0, 0, 336, 504, 126, 10, 0, 0, 0, 0, 0, 0, 0, 0, 0, 0, 0, 0, 0, 0, 0, 0, 0, 0, 0, 718, 0, 0, '', 0, 7, 1, 1, 1, 0, 0, 0, 0, 0, 0, 0, 76, 0, 0, 0, 128, '', 12340);

REPLACE INTO creature_template
   (`entry`, `difficulty_entry_1`, `difficulty_entry_2`, `difficulty_entry_3`, `KillCredit1`, `KillCredit2`, `modelid1`, `modelid2`, `modelid3`, `modelid4`, `name`, `subname`, `IconName`, `gossip_menu_id`, `minlevel`, `maxlevel`, `exp`, `faction_A`, `faction_H`, `npcflag`, `speed_walk`, `speed_run`, `scale`, `rank`, `mindmg`, `maxdmg`, `dmgschool`, `attackpower`, `dmg_multiplier`, `baseattacktime`, `rangeattacktime`, `unit_class`, `unit_flags`, `dynamicflags`, `family`, `trainer_type`, `trainer_spell`, `trainer_class`, `trainer_race`, `minrangedmg`, `maxrangedmg`, `rangedattackpower`, `type`, `type_flags`, `lootid`, `pickpocketloot`, `skinloot`, `resistance1`, `resistance2`, `resistance3`, `resistance4`, `resistance5`, `resistance6`, `spell1`, `spell2`, `spell3`, `spell4`, `spell5`, `spell6`, `spell7`, `spell8`, `PetSpellDataId`, `VehicleId`, `mingold`, `maxgold`, `AIName`, `MovementType`, `InhabitType`, `Health_mod`, `Mana_mod`, `Armor_mod`, `RacialLeader`, `questItem1`, `questItem2`, `questItem3`, `questItem4`, `questItem5`, `questItem6`, `movementId`, `RegenHealth`, `equipment_id`, `mechanic_immune_mask`, `flags_extra`, `ScriptName`, `WDBVerified`)
VALUES
   (43281, 0, 0, 0, 0, 0, 169, 11686, 0, 0, 'Orb Rotation Focus (2)', '', '', 0, 80, 80, 2, 14, 14, 0, 2.2, 0.785714, 1, 0, 420, 630, 0, 157, 1, 2000, 2000, 1, 0, 0, 0, 0, 0, 0, 0, 336, 504, 126, 10, 1048576, 0, 0, 0, 0, 0, 0, 0, 0, 0, 0, 0, 0, 0, 0, 0, 0, 0, 0, 0, 0, 0, '', 0, 7, 1, 1, 1, 0, 0, 0, 0, 0, 0, 0, 118, 1, 0, 0, 128, '', 12340);

REPLACE INTO creature_template
   (`entry`, `difficulty_entry_1`, `difficulty_entry_2`, `difficulty_entry_3`, `KillCredit1`, `KillCredit2`, `modelid1`, `modelid2`, `modelid3`, `modelid4`, `name`, `subname`, `IconName`, `gossip_menu_id`, `minlevel`, `maxlevel`, `exp`, `faction_A`, `faction_H`, `npcflag`, `speed_walk`, `speed_run`, `scale`, `rank`, `mindmg`, `maxdmg`, `dmgschool`, `attackpower`, `dmg_multiplier`, `baseattacktime`, `rangeattacktime`, `unit_class`, `unit_flags`, `dynamicflags`, `family`, `trainer_type`, `trainer_spell`, `trainer_class`, `trainer_race`, `minrangedmg`, `maxrangedmg`, `rangedattackpower`, `type`, `type_flags`, `lootid`, `pickpocketloot`, `skinloot`, `resistance1`, `resistance2`, `resistance3`, `resistance4`, `resistance5`, `resistance6`, `spell1`, `spell2`, `spell3`, `spell4`, `spell5`, `spell6`, `spell7`, `spell8`, `PetSpellDataId`, `VehicleId`, `mingold`, `maxgold`, `AIName`, `MovementType`, `InhabitType`, `Health_mod`, `Mana_mod`, `Armor_mod`, `RacialLeader`, `questItem1`, `questItem2`, `questItem3`, `questItem4`, `questItem5`, `questItem6`, `movementId`, `RegenHealth`, `equipment_id`, `mechanic_immune_mask`, `flags_extra`, `ScriptName`, `WDBVerified`)
VALUES
   (43282, 0, 0, 0, 0, 0, 169, 11686, 0, 0, 'Orb Rotation Focus (3)', '', '', 0, 80, 80, 2, 14, 14, 0, 2.2, 0.785714, 1, 0, 420, 630, 0, 157, 1, 2000, 2000, 1, 0, 0, 0, 0, 0, 0, 0, 336, 504, 126, 10, 1048576, 0, 0, 0, 0, 0, 0, 0, 0, 0, 0, 0, 0, 0, 0, 0, 0, 0, 0, 0, 0, 0, '', 0, 7, 1, 1, 1, 0, 0, 0, 0, 0, 0, 0, 118, 1, 0, 0, 128, '', 12340);

REPLACE INTO creature_template
   (`entry`, `difficulty_entry_1`, `difficulty_entry_2`, `difficulty_entry_3`, `KillCredit1`, `KillCredit2`, `modelid1`, `modelid2`, `modelid3`, `modelid4`, `name`, `subname`, `IconName`, `gossip_menu_id`, `minlevel`, `maxlevel`, `exp`, `faction_A`, `faction_H`, `npcflag`, `speed_walk`, `speed_run`, `scale`, `rank`, `mindmg`, `maxdmg`, `dmgschool`, `attackpower`, `dmg_multiplier`, `baseattacktime`, `rangeattacktime`, `unit_class`, `unit_flags`, `dynamicflags`, `family`, `trainer_type`, `trainer_spell`, `trainer_class`, `trainer_race`, `minrangedmg`, `maxrangedmg`, `rangedattackpower`, `type`, `type_flags`, `lootid`, `pickpocketloot`, `skinloot`, `resistance1`, `resistance2`, `resistance3`, `resistance4`, `resistance5`, `resistance6`, `spell1`, `spell2`, `spell3`, `spell4`, `spell5`, `spell6`, `spell7`, `spell8`, `PetSpellDataId`, `VehicleId`, `mingold`, `maxgold`, `AIName`, `MovementType`, `InhabitType`, `Health_mod`, `Mana_mod`, `Armor_mod`, `RacialLeader`, `questItem1`, `questItem2`, `questItem3`, `questItem4`, `questItem5`, `questItem6`, `movementId`, `RegenHealth`, `equipment_id`, `mechanic_immune_mask`, `flags_extra`, `ScriptName`, `WDBVerified`)
VALUES
   (40144, 0, 0, 0, 0, 0, 31952, 0, 0, 0, 'Halion (2)', 'The Twilight Destroyer', '', 0, 83, 83, 2, 14, 14, 0, 1.6, 1.42857, 1, 3, 468, 702, 0, 175, 150, 2000, 2000, 1, 768, 0, 0, 0, 0, 0, 0, 374, 562, 140, 2, 1132, 0, 0, 0, 0, 0, 0, 0, 0, 0, 26662, 74524, 74562, 74531, 0, 0, 0, 0, 0, 0, 0, 0, '', 0, 3, 1100, 1, 1, 0, 0, 0, 0, 0, 0, 0, 150, 1, 0, 803160063, 1, '', 12340);

REPLACE INTO creature_template
   (`entry`, `difficulty_entry_1`, `difficulty_entry_2`, `difficulty_entry_3`, `KillCredit1`, `KillCredit2`, `modelid1`, `modelid2`, `modelid3`, `modelid4`, `name`, `subname`, `IconName`, `gossip_menu_id`, `minlevel`, `maxlevel`, `exp`, `faction_A`, `faction_H`, `npcflag`, `speed_walk`, `speed_run`, `scale`, `rank`, `mindmg`, `maxdmg`, `dmgschool`, `attackpower`, `dmg_multiplier`, `baseattacktime`, `rangeattacktime`, `unit_class`, `unit_flags`, `dynamicflags`, `family`, `trainer_type`, `trainer_spell`, `trainer_class`, `trainer_race`, `minrangedmg`, `maxrangedmg`, `rangedattackpower`, `type`, `type_flags`, `lootid`, `pickpocketloot`, `skinloot`, `resistance1`, `resistance2`, `resistance3`, `resistance4`, `resistance5`, `resistance6`, `spell1`, `spell2`, `spell3`, `spell4`, `spell5`, `spell6`, `spell7`, `spell8`, `PetSpellDataId`, `VehicleId`, `mingold`, `maxgold`, `AIName`, `MovementType`, `InhabitType`, `Health_mod`, `Mana_mod`, `Armor_mod`, `RacialLeader`, `questItem1`, `questItem2`, `questItem3`, `questItem4`, `questItem5`, `questItem6`, `movementId`, `RegenHealth`, `equipment_id`, `mechanic_immune_mask`, `flags_extra`, `ScriptName`, `WDBVerified`)
VALUES
   (40145, 0, 0, 0, 0, 0, 31952, 0, 0, 0, 'Halion (3)', 'The Twilight Destroyer', '', 0, 83, 83, 2, 14, 14, 0, 1.6, 1.42857, 1, 3, 468, 702, 0, 175, 168.6, 2000, 2000, 1, 768, 0, 0, 0, 0, 0, 0, 374, 562, 140, 2, 1132, 0, 0, 0, 0, 0, 0, 0, 0, 0, 26662, 74524, 74562, 74531, 0, 0, 0, 0, 0, 0, 0, 0, '', 0, 3, 4200, 1, 1, 0, 0, 0, 0, 0, 0, 0, 150, 1, 0, 803160063, 1, '', 12340);

REPLACE INTO creature_template
   (`entry`, `difficulty_entry_1`, `difficulty_entry_2`, `difficulty_entry_3`, `KillCredit1`, `KillCredit2`, `modelid1`, `modelid2`, `modelid3`, `modelid4`, `name`, `subname`, `IconName`, `gossip_menu_id`, `minlevel`, `maxlevel`, `exp`, `faction_A`, `faction_H`, `npcflag`, `speed_walk`, `speed_run`, `scale`, `rank`, `mindmg`, `maxdmg`, `dmgschool`, `attackpower`, `dmg_multiplier`, `baseattacktime`, `rangeattacktime`, `unit_class`, `unit_flags`, `dynamicflags`, `family`, `trainer_type`, `trainer_spell`, `trainer_class`, `trainer_race`, `minrangedmg`, `maxrangedmg`, `rangedattackpower`, `type`, `type_flags`, `lootid`, `pickpocketloot`, `skinloot`, `resistance1`, `resistance2`, `resistance3`, `resistance4`, `resistance5`, `resistance6`, `spell1`, `spell2`, `spell3`, `spell4`, `spell5`, `spell6`, `spell7`, `spell8`, `PetSpellDataId`, `VehicleId`, `mingold`, `maxgold`, `AIName`, `MovementType`, `InhabitType`, `Health_mod`, `Mana_mod`, `Armor_mod`, `RacialLeader`, `questItem1`, `questItem2`, `questItem3`, `questItem4`, `questItem5`, `questItem6`, `movementId`, `RegenHealth`, `equipment_id`, `mechanic_immune_mask`, `flags_extra`, `ScriptName`, `WDBVerified`)
VALUES
   (39944, 0, 0, 0, 0, 0, 31952, 0, 0, 0, 'Halion (2)', 'The Twilight Destroyer', '', 0, 83, 83, 2, 14, 14, 0, 1, 1.42857, 1, 3, 468, 702, 0, 175, 112.2, 2000, 2000, 1, 768, 0, 0, 0, 0, 0, 0, 374, 562, 140, 2, 108, 39944, 0, 0, 0, 0, 0, 0, 0, 0, 26662, 74524, 74562, 74531, 0, 0, 0, 0, 0, 0, 0, 0, '', 0, 3, 1100, 1, 1, 0, 0, 0, 0, 0, 0, 0, 150, 1, 0, 803160063, 1, '', 12340);

REPLACE INTO creature_template
   (`entry`, `difficulty_entry_1`, `difficulty_entry_2`, `difficulty_entry_3`, `KillCredit1`, `KillCredit2`, `modelid1`, `modelid2`, `modelid3`, `modelid4`, `name`, `subname`, `IconName`, `gossip_menu_id`, `minlevel`, `maxlevel`, `exp`, `faction_A`, `faction_H`, `npcflag`, `speed_walk`, `speed_run`, `scale`, `rank`, `mindmg`, `maxdmg`, `dmgschool`, `attackpower`, `dmg_multiplier`, `baseattacktime`, `rangeattacktime`, `unit_class`, `unit_flags`, `dynamicflags`, `family`, `trainer_type`, `trainer_spell`, `trainer_class`, `trainer_race`, `minrangedmg`, `maxrangedmg`, `rangedattackpower`, `type`, `type_flags`, `lootid`, `pickpocketloot`, `skinloot`, `resistance1`, `resistance2`, `resistance3`, `resistance4`, `resistance5`, `resistance6`, `spell1`, `spell2`, `spell3`, `spell4`, `spell5`, `spell6`, `spell7`, `spell8`, `PetSpellDataId`, `VehicleId`, `mingold`, `maxgold`, `AIName`, `MovementType`, `InhabitType`, `Health_mod`, `Mana_mod`, `Armor_mod`, `RacialLeader`, `questItem1`, `questItem2`, `questItem3`, `questItem4`, `questItem5`, `questItem6`, `movementId`, `RegenHealth`, `equipment_id`, `mechanic_immune_mask`, `flags_extra`, `ScriptName`, `WDBVerified`)
VALUES
   (39945, 0, 0, 0, 0, 0, 31952, 0, 0, 0, 'Halion (3)', 'The Twilight Destroyer', '', 0, 83, 83, 2, 14, 14, 0, 1, 1.42857, 1, 3, 468, 702, 0, 175, 168.2, 2000, 2000, 1, 768, 0, 0, 0, 0, 0, 0, 374, 562, 140, 2, 108, 39945, 0, 0, 0, 0, 0, 0, 0, 0, 26662, 74524, 74562, 74531, 0, 0, 0, 0, 0, 0, 0, 0, '', 0, 3, 4200, 1, 1, 0, 0, 0, 0, 0, 0, 0, 150, 1, 0, 803160063, 1, '', 12340);

REPLACE INTO creature_template
   (`entry`, `difficulty_entry_1`, `difficulty_entry_2`, `difficulty_entry_3`, `KillCredit1`, `KillCredit2`, `modelid1`, `modelid2`, `modelid3`, `modelid4`, `name`, `subname`, `IconName`, `gossip_menu_id`, `minlevel`, `maxlevel`, `exp`, `faction_A`, `faction_H`, `npcflag`, `speed_walk`, `speed_run`, `scale`, `rank`, `mindmg`, `maxdmg`, `dmgschool`, `attackpower`, `dmg_multiplier`, `baseattacktime`, `rangeattacktime`, `unit_class`, `unit_flags`, `dynamicflags`, `family`, `trainer_type`, `trainer_spell`, `trainer_class`, `trainer_race`, `minrangedmg`, `maxrangedmg`, `rangedattackpower`, `type`, `type_flags`, `lootid`, `pickpocketloot`, `skinloot`, `resistance1`, `resistance2`, `resistance3`, `resistance4`, `resistance5`, `resistance6`, `spell1`, `spell2`, `spell3`, `spell4`, `spell5`, `spell6`, `spell7`, `spell8`, `PetSpellDataId`, `VehicleId`, `mingold`, `maxgold`, `AIName`, `MovementType`, `InhabitType`, `Health_mod`, `Mana_mod`, `Armor_mod`, `RacialLeader`, `questItem1`, `questItem2`, `questItem3`, `questItem4`, `questItem5`, `questItem6`, `movementId`, `RegenHealth`, `equipment_id`, `mechanic_immune_mask`, `flags_extra`, `ScriptName`, `WDBVerified`)
VALUES
   (40001, 40670, 40671, 40672, 0, 0, 169, 16946, 0, 0, 'Combustion', '', '', 0, 80, 80, 2, 14, 14, 0, 1, 1.14286, 1, 0, 391, 585, 0, 146, 1.1, 2000, 2000, 2, 0, 0, 0, 0, 0, 0, 0, 313, 468, 117, 10, 16778240, 0, 0, 0, 0, 0, 0, 0, 0, 0, 0, 0, 0, 0, 0, 0, 0, 0, 0, 0, 0, 0, '', 0, 7, 1.35, 1, 1, 0, 0, 0, 0, 0, 0, 0, 0, 1, 0, 0, 128, 'mob_fiery_combustion', 12340);

REPLACE INTO creature_template
   (`entry`, `difficulty_entry_1`, `difficulty_entry_2`, `difficulty_entry_3`, `KillCredit1`, `KillCredit2`, `modelid1`, `modelid2`, `modelid3`, `modelid4`, `name`, `subname`, `IconName`, `gossip_menu_id`, `minlevel`, `maxlevel`, `exp`, `faction_A`, `faction_H`, `npcflag`, `speed_walk`, `speed_run`, `scale`, `rank`, `mindmg`, `maxdmg`, `dmgschool`, `attackpower`, `dmg_multiplier`, `baseattacktime`, `rangeattacktime`, `unit_class`, `unit_flags`, `dynamicflags`, `family`, `trainer_type`, `trainer_spell`, `trainer_class`, `trainer_race`, `minrangedmg`, `maxrangedmg`, `rangedattackpower`, `type`, `type_flags`, `lootid`, `pickpocketloot`, `skinloot`, `resistance1`, `resistance2`, `resistance3`, `resistance4`, `resistance5`, `resistance6`, `spell1`, `spell2`, `spell3`, `spell4`, `spell5`, `spell6`, `spell7`, `spell8`, `PetSpellDataId`, `VehicleId`, `mingold`, `maxgold`, `AIName`, `MovementType`, `InhabitType`, `Health_mod`, `Mana_mod`, `Armor_mod`, `RacialLeader`, `questItem1`, `questItem2`, `questItem3`, `questItem4`, `questItem5`, `questItem6`, `movementId`, `RegenHealth`, `equipment_id`, `mechanic_immune_mask`, `flags_extra`, `ScriptName`, `WDBVerified`)
VALUES
   (40670, 0, 0, 0, 0, 0, 169, 11686, 0, 0, 'Combustion (1)', '', '', 0, 80, 80, 2, 14, 14, 0, 1, 1.14286, 1, 0, 391, 585, 0, 146, 1.1, 2000, 2000, 2, 0, 0, 0, 0, 0, 0, 0, 313, 468, 117, 10, 16778240, 0, 0, 0, 0, 0, 0, 0, 0, 0, 0, 0, 0, 0, 0, 0, 0, 0, 0, 0, 0, 0, '', 0, 7, 1.35, 1, 1, 0, 0, 0, 0, 0, 0, 0, 0, 1, 0, 0, 128, '', 12340);

REPLACE INTO creature_template
   (`entry`, `difficulty_entry_1`, `difficulty_entry_2`, `difficulty_entry_3`, `KillCredit1`, `KillCredit2`, `modelid1`, `modelid2`, `modelid3`, `modelid4`, `name`, `subname`, `IconName`, `gossip_menu_id`, `minlevel`, `maxlevel`, `exp`, `faction_A`, `faction_H`, `npcflag`, `speed_walk`, `speed_run`, `scale`, `rank`, `mindmg`, `maxdmg`, `dmgschool`, `attackpower`, `dmg_multiplier`, `baseattacktime`, `rangeattacktime`, `unit_class`, `unit_flags`, `dynamicflags`, `family`, `trainer_type`, `trainer_spell`, `trainer_class`, `trainer_race`, `minrangedmg`, `maxrangedmg`, `rangedattackpower`, `type`, `type_flags`, `lootid`, `pickpocketloot`, `skinloot`, `resistance1`, `resistance2`, `resistance3`, `resistance4`, `resistance5`, `resistance6`, `spell1`, `spell2`, `spell3`, `spell4`, `spell5`, `spell6`, `spell7`, `spell8`, `PetSpellDataId`, `VehicleId`, `mingold`, `maxgold`, `AIName`, `MovementType`, `InhabitType`, `Health_mod`, `Mana_mod`, `Armor_mod`, `RacialLeader`, `questItem1`, `questItem2`, `questItem3`, `questItem4`, `questItem5`, `questItem6`, `movementId`, `RegenHealth`, `equipment_id`, `mechanic_immune_mask`, `flags_extra`, `ScriptName`, `WDBVerified`)
VALUES
   (40671, 0, 0, 0, 0, 0, 169, 16946, 0, 0, 'Combustion (2)', '', '', 0, 80, 80, 2, 14, 14, 0, 1, 1.14286, 1, 0, 391, 585, 0, 146, 1.1, 2000, 2000, 2, 0, 0, 0, 0, 0, 0, 0, 313, 468, 117, 10, 16778240, 0, 0, 0, 0, 0, 0, 0, 0, 0, 0, 0, 0, 0, 0, 0, 0, 0, 0, 0, 0, 0, '', 0, 7, 1.35, 1, 1, 0, 0, 0, 0, 0, 0, 0, 0, 1, 0, 0, 128, '', 12340);

REPLACE INTO creature_template
   (`entry`, `difficulty_entry_1`, `difficulty_entry_2`, `difficulty_entry_3`, `KillCredit1`, `KillCredit2`, `modelid1`, `modelid2`, `modelid3`, `modelid4`, `name`, `subname`, `IconName`, `gossip_menu_id`, `minlevel`, `maxlevel`, `exp`, `faction_A`, `faction_H`, `npcflag`, `speed_walk`, `speed_run`, `scale`, `rank`, `mindmg`, `maxdmg`, `dmgschool`, `attackpower`, `dmg_multiplier`, `baseattacktime`, `rangeattacktime`, `unit_class`, `unit_flags`, `dynamicflags`, `family`, `trainer_type`, `trainer_spell`, `trainer_class`, `trainer_race`, `minrangedmg`, `maxrangedmg`, `rangedattackpower`, `type`, `type_flags`, `lootid`, `pickpocketloot`, `skinloot`, `resistance1`, `resistance2`, `resistance3`, `resistance4`, `resistance5`, `resistance6`, `spell1`, `spell2`, `spell3`, `spell4`, `spell5`, `spell6`, `spell7`, `spell8`, `PetSpellDataId`, `VehicleId`, `mingold`, `maxgold`, `AIName`, `MovementType`, `InhabitType`, `Health_mod`, `Mana_mod`, `Armor_mod`, `RacialLeader`, `questItem1`, `questItem2`, `questItem3`, `questItem4`, `questItem5`, `questItem6`, `movementId`, `RegenHealth`, `equipment_id`, `mechanic_immune_mask`, `flags_extra`, `ScriptName`, `WDBVerified`)
VALUES
   (40672, 0, 0, 0, 0, 0, 169, 16946, 0, 0, 'Combustion (3)', '', '', 0, 80, 80, 2, 14, 14, 0, 1, 1.14286, 1, 0, 391, 585, 0, 146, 1.1, 2000, 2000, 2, 0, 0, 0, 0, 0, 0, 0, 313, 468, 117, 10, 16778240, 0, 0, 0, 0, 0, 0, 0, 0, 0, 0, 0, 0, 0, 0, 0, 0, 0, 0, 0, 0, 0, '', 0, 7, 1.35, 1, 1, 0, 0, 0, 0, 0, 0, 0, 0, 1, 0, 0, 128, '', 12340);

REPLACE INTO creature_template
   (`entry`, `difficulty_entry_1`, `difficulty_entry_2`, `difficulty_entry_3`, `KillCredit1`, `KillCredit2`, `modelid1`, `modelid2`, `modelid3`, `modelid4`, `name`, `subname`, `IconName`, `gossip_menu_id`, `minlevel`, `maxlevel`, `exp`, `faction_A`, `faction_H`, `npcflag`, `speed_walk`, `speed_run`, `scale`, `rank`, `mindmg`, `maxdmg`, `dmgschool`, `attackpower`, `dmg_multiplier`, `baseattacktime`, `rangeattacktime`, `unit_class`, `unit_flags`, `dynamicflags`, `family`, `trainer_type`, `trainer_spell`, `trainer_class`, `trainer_race`, `minrangedmg`, `maxrangedmg`, `rangedattackpower`, `type`, `type_flags`, `lootid`, `pickpocketloot`, `skinloot`, `resistance1`, `resistance2`, `resistance3`, `resistance4`, `resistance5`, `resistance6`, `spell1`, `spell2`, `spell3`, `spell4`, `spell5`, `spell6`, `spell7`, `spell8`, `PetSpellDataId`, `VehicleId`, `mingold`, `maxgold`, `AIName`, `MovementType`, `InhabitType`, `Health_mod`, `Mana_mod`, `Armor_mod`, `RacialLeader`, `questItem1`, `questItem2`, `questItem3`, `questItem4`, `questItem5`, `questItem6`, `movementId`, `RegenHealth`, `equipment_id`, `mechanic_immune_mask`, `flags_extra`, `ScriptName`, `WDBVerified`)
VALUES
   (40135, 40673, 40674, 40675, 0, 0, 169, 16946, 0, 0, 'Consumption', '', '', 0, 80, 80, 2, 14, 14, 0, 1, 1.14286, 1, 0, 420, 630, 0, 157, 1, 2000, 2000, 1, 0, 0, 0, 0, 0, 0, 0, 336, 504, 126, 10, 16778240, 0, 0, 0, 0, 0, 0, 0, 0, 0, 0, 0, 0, 0, 0, 0, 0, 0, 0, 0, 0, 0, '', 0, 7, 1.35, 1, 1, 0, 0, 0, 0, 0, 0, 0, 0, 1, 0, 0, 128, 'mob_soul_consumption', 12340);

REPLACE INTO creature_template
   (`entry`, `difficulty_entry_1`, `difficulty_entry_2`, `difficulty_entry_3`, `KillCredit1`, `KillCredit2`, `modelid1`, `modelid2`, `modelid3`, `modelid4`, `name`, `subname`, `IconName`, `gossip_menu_id`, `minlevel`, `maxlevel`, `exp`, `faction_A`, `faction_H`, `npcflag`, `speed_walk`, `speed_run`, `scale`, `rank`, `mindmg`, `maxdmg`, `dmgschool`, `attackpower`, `dmg_multiplier`, `baseattacktime`, `rangeattacktime`, `unit_class`, `unit_flags`, `dynamicflags`, `family`, `trainer_type`, `trainer_spell`, `trainer_class`, `trainer_race`, `minrangedmg`, `maxrangedmg`, `rangedattackpower`, `type`, `type_flags`, `lootid`, `pickpocketloot`, `skinloot`, `resistance1`, `resistance2`, `resistance3`, `resistance4`, `resistance5`, `resistance6`, `spell1`, `spell2`, `spell3`, `spell4`, `spell5`, `spell6`, `spell7`, `spell8`, `PetSpellDataId`, `VehicleId`, `mingold`, `maxgold`, `AIName`, `MovementType`, `InhabitType`, `Health_mod`, `Mana_mod`, `Armor_mod`, `RacialLeader`, `questItem1`, `questItem2`, `questItem3`, `questItem4`, `questItem5`, `questItem6`, `movementId`, `RegenHealth`, `equipment_id`, `mechanic_immune_mask`, `flags_extra`, `ScriptName`, `WDBVerified`)
VALUES
   (40673, 0, 0, 0, 0, 0, 169, 16946, 0, 0, 'Consumption (1)', '', '', 0, 80, 80, 2, 14, 14, 0, 1, 1.14286, 1, 0, 420, 630, 0, 157, 1, 2000, 2000, 1, 0, 0, 0, 0, 0, 0, 0, 336, 504, 126, 10, 16778240, 0, 0, 0, 0, 0, 0, 0, 0, 0, 0, 0, 0, 0, 0, 0, 0, 0, 0, 0, 0, 0, '', 0, 7, 1.35, 1, 1, 0, 0, 0, 0, 0, 0, 0, 0, 1, 0, 0, 128, '', 12340);

REPLACE INTO creature_template
   (`entry`, `difficulty_entry_1`, `difficulty_entry_2`, `difficulty_entry_3`, `KillCredit1`, `KillCredit2`, `modelid1`, `modelid2`, `modelid3`, `modelid4`, `name`, `subname`, `IconName`, `gossip_menu_id`, `minlevel`, `maxlevel`, `exp`, `faction_A`, `faction_H`, `npcflag`, `speed_walk`, `speed_run`, `scale`, `rank`, `mindmg`, `maxdmg`, `dmgschool`, `attackpower`, `dmg_multiplier`, `baseattacktime`, `rangeattacktime`, `unit_class`, `unit_flags`, `dynamicflags`, `family`, `trainer_type`, `trainer_spell`, `trainer_class`, `trainer_race`, `minrangedmg`, `maxrangedmg`, `rangedattackpower`, `type`, `type_flags`, `lootid`, `pickpocketloot`, `skinloot`, `resistance1`, `resistance2`, `resistance3`, `resistance4`, `resistance5`, `resistance6`, `spell1`, `spell2`, `spell3`, `spell4`, `spell5`, `spell6`, `spell7`, `spell8`, `PetSpellDataId`, `VehicleId`, `mingold`, `maxgold`, `AIName`, `MovementType`, `InhabitType`, `Health_mod`, `Mana_mod`, `Armor_mod`, `RacialLeader`, `questItem1`, `questItem2`, `questItem3`, `questItem4`, `questItem5`, `questItem6`, `movementId`, `RegenHealth`, `equipment_id`, `mechanic_immune_mask`, `flags_extra`, `ScriptName`, `WDBVerified`)
VALUES
   (40674, 0, 0, 0, 0, 0, 169, 16946, 0, 0, 'Consumption (2)', '', '', 0, 80, 80, 2, 14, 14, 0, 1, 1.14286, 1, 0, 420, 630, 0, 157, 1, 2000, 2000, 1, 0, 0, 0, 0, 0, 0, 0, 336, 504, 126, 10, 16778240, 0, 0, 0, 0, 0, 0, 0, 0, 0, 0, 0, 0, 0, 0, 0, 0, 0, 0, 0, 0, 0, '', 0, 7, 1.35, 1, 1, 0, 0, 0, 0, 0, 0, 0, 0, 1, 0, 0, 128, '', 12340);

REPLACE INTO creature_template
   (`entry`, `difficulty_entry_1`, `difficulty_entry_2`, `difficulty_entry_3`, `KillCredit1`, `KillCredit2`, `modelid1`, `modelid2`, `modelid3`, `modelid4`, `name`, `subname`, `IconName`, `gossip_menu_id`, `minlevel`, `maxlevel`, `exp`, `faction_A`, `faction_H`, `npcflag`, `speed_walk`, `speed_run`, `scale`, `rank`, `mindmg`, `maxdmg`, `dmgschool`, `attackpower`, `dmg_multiplier`, `baseattacktime`, `rangeattacktime`, `unit_class`, `unit_flags`, `dynamicflags`, `family`, `trainer_type`, `trainer_spell`, `trainer_class`, `trainer_race`, `minrangedmg`, `maxrangedmg`, `rangedattackpower`, `type`, `type_flags`, `lootid`, `pickpocketloot`, `skinloot`, `resistance1`, `resistance2`, `resistance3`, `resistance4`, `resistance5`, `resistance6`, `spell1`, `spell2`, `spell3`, `spell4`, `spell5`, `spell6`, `spell7`, `spell8`, `PetSpellDataId`, `VehicleId`, `mingold`, `maxgold`, `AIName`, `MovementType`, `InhabitType`, `Health_mod`, `Mana_mod`, `Armor_mod`, `RacialLeader`, `questItem1`, `questItem2`, `questItem3`, `questItem4`, `questItem5`, `questItem6`, `movementId`, `RegenHealth`, `equipment_id`, `mechanic_immune_mask`, `flags_extra`, `ScriptName`, `WDBVerified`)
VALUES
   (40675, 0, 0, 0, 0, 0, 169, 16946, 0, 0, 'Consumption (3)', '', '', 0, 80, 80, 2, 14, 14, 0, 1, 1.14286, 1, 0, 420, 630, 0, 157, 1, 2000, 2000, 1, 0, 0, 0, 0, 0, 0, 0, 336, 504, 126, 10, 16778240, 0, 0, 0, 0, 0, 0, 0, 0, 0, 0, 0, 0, 0, 0, 0, 0, 0, 0, 0, 0, 0, '', 0, 7, 1.35, 1, 1, 0, 0, 0, 0, 0, 0, 0, 0, 1, 0, 0, 128, '', 12340);

REPLACE INTO creature_template
   (`entry`, `difficulty_entry_1`, `difficulty_entry_2`, `difficulty_entry_3`, `KillCredit1`, `KillCredit2`, `modelid1`, `modelid2`, `modelid3`, `modelid4`, `name`, `subname`, `IconName`, `gossip_menu_id`, `minlevel`, `maxlevel`, `exp`, `faction_A`, `faction_H`, `npcflag`, `speed_walk`, `speed_run`, `scale`, `rank`, `mindmg`, `maxdmg`, `dmgschool`, `attackpower`, `dmg_multiplier`, `baseattacktime`, `rangeattacktime`, `unit_class`, `unit_flags`, `dynamicflags`, `family`, `trainer_type`, `trainer_spell`, `trainer_class`, `trainer_race`, `minrangedmg`, `maxrangedmg`, `rangedattackpower`, `type`, `type_flags`, `lootid`, `pickpocketloot`, `skinloot`, `resistance1`, `resistance2`, `resistance3`, `resistance4`, `resistance5`, `resistance6`, `spell1`, `spell2`, `spell3`, `spell4`, `spell5`, `spell6`, `spell7`, `spell8`, `PetSpellDataId`, `VehicleId`, `mingold`, `maxgold`, `AIName`, `MovementType`, `InhabitType`, `Health_mod`, `Mana_mod`, `Armor_mod`, `RacialLeader`, `questItem1`, `questItem2`, `questItem3`, `questItem4`, `questItem5`, `questItem6`, `movementId`, `RegenHealth`, `equipment_id`, `mechanic_immune_mask`, `flags_extra`, `ScriptName`, `WDBVerified`)
VALUES
   (40029, 0, 0, 0, 0, 0, 169, 15880, 0, 0, 'Meteor Strike', '', '', 0, 80, 80, 2, 14, 14, 0, 1, 1.14286, 1, 0, 420, 630, 0, 157, 1, 2000, 2000, 1, 0, 0, 0, 0, 0, 0, 0, 336, 504, 126, 10, 0, 0, 0, 0, 0, 0, 0, 0, 0, 0, 0, 0, 0, 0, 0, 0, 0, 0, 0, 0, 0, 0, '', 0, 7, 1, 1, 1, 0, 0, 0, 0, 0, 0, 0, 0, 1, 0, 0, 128, 'mob_halion_meteor', 12340);

REPLACE INTO creature_template
   (`entry`, `difficulty_entry_1`, `difficulty_entry_2`, `difficulty_entry_3`, `KillCredit1`, `KillCredit2`, `modelid1`, `modelid2`, `modelid3`, `modelid4`, `name`, `subname`, `IconName`, `gossip_menu_id`, `minlevel`, `maxlevel`, `exp`, `faction_A`, `faction_H`, `npcflag`, `speed_walk`, `speed_run`, `scale`, `rank`, `mindmg`, `maxdmg`, `dmgschool`, `attackpower`, `dmg_multiplier`, `baseattacktime`, `rangeattacktime`, `unit_class`, `unit_flags`, `dynamicflags`, `family`, `trainer_type`, `trainer_spell`, `trainer_class`, `trainer_race`, `minrangedmg`, `maxrangedmg`, `rangedattackpower`, `type`, `type_flags`, `lootid`, `pickpocketloot`, `skinloot`, `resistance1`, `resistance2`, `resistance3`, `resistance4`, `resistance5`, `resistance6`, `spell1`, `spell2`, `spell3`, `spell4`, `spell5`, `spell6`, `spell7`, `spell8`, `PetSpellDataId`, `VehicleId`, `mingold`, `maxgold`, `AIName`, `MovementType`, `InhabitType`, `Health_mod`, `Mana_mod`, `Armor_mod`, `RacialLeader`, `questItem1`, `questItem2`, `questItem3`, `questItem4`, `questItem5`, `questItem6`, `movementId`, `RegenHealth`, `equipment_id`, `mechanic_immune_mask`, `flags_extra`, `ScriptName`, `WDBVerified`)
VALUES
   (40041, 0, 0, 0, 0, 0, 169, 11686, 0, 0, 'Meteor Strike', '', '', 0, 80, 80, 2, 14, 14, 0, 1, 1.14286, 1, 0, 420, 630, 0, 157, 1, 2000, 2000, 1, 0, 0, 0, 0, 0, 0, 0, 336, 504, 126, 10, 0, 0, 0, 0, 0, 0, 0, 0, 0, 0, 0, 0, 0, 0, 0, 0, 0, 0, 0, 0, 0, 0, '', 0, 7, 1, 1, 1, 0, 0, 0, 0, 0, 0, 0, 0, 1, 0, 0, 128, 'mob_halion_flame', 12340);

REPLACE INTO creature_template
   (`entry`, `difficulty_entry_1`, `difficulty_entry_2`, `difficulty_entry_3`, `KillCredit1`, `KillCredit2`, `modelid1`, `modelid2`, `modelid3`, `modelid4`, `name`, `subname`, `IconName`, `gossip_menu_id`, `minlevel`, `maxlevel`, `exp`, `faction_A`, `faction_H`, `npcflag`, `speed_walk`, `speed_run`, `scale`, `rank`, `mindmg`, `maxdmg`, `dmgschool`, `attackpower`, `dmg_multiplier`, `baseattacktime`, `rangeattacktime`, `unit_class`, `unit_flags`, `dynamicflags`, `family`, `trainer_type`, `trainer_spell`, `trainer_class`, `trainer_race`, `minrangedmg`, `maxrangedmg`, `rangedattackpower`, `type`, `type_flags`, `lootid`, `pickpocketloot`, `skinloot`, `resistance1`, `resistance2`, `resistance3`, `resistance4`, `resistance5`, `resistance6`, `spell1`, `spell2`, `spell3`, `spell4`, `spell5`, `spell6`, `spell7`, `spell8`, `PetSpellDataId`, `VehicleId`, `mingold`, `maxgold`, `AIName`, `MovementType`, `InhabitType`, `Health_mod`, `Mana_mod`, `Armor_mod`, `RacialLeader`, `questItem1`, `questItem2`, `questItem3`, `questItem4`, `questItem5`, `questItem6`, `movementId`, `RegenHealth`, `equipment_id`, `mechanic_immune_mask`, `flags_extra`, `ScriptName`, `WDBVerified`)
VALUES
   (40042, 0, 0, 0, 0, 0, 169, 11686, 0, 0, 'Meteor Strike', '', '', 0, 80, 80, 2, 14, 14, 0, 1, 1.14286, 1, 0, 420, 630, 0, 157, 1, 2000, 2000, 1, 0, 0, 0, 0, 0, 0, 0, 336, 504, 126, 10, 0, 0, 0, 0, 0, 0, 0, 0, 0, 0, 0, 0, 0, 0, 0, 0, 0, 0, 0, 0, 0, 0, '', 0, 7, 1, 1, 1, 0, 0, 0, 0, 0, 0, 0, 0, 1, 0, 0, 128, '', 12340);

REPLACE INTO gameobject_template
   (`entry`, `type`, `displayId`, `name`, `IconName`, `castBarCaption`, `unk1`, `faction`, `flags`, `size`, `questItem1`, `questItem2`, `questItem3`, `questItem4`, `questItem5`, `questItem6`, `data0`, `data1`, `data2`, `data3`, `data4`, `data5`, `data6`, `data7`, `data8`, `data9`, `data10`, `data11`, `data12`, `data13`, `data14`, `data15`, `data16`, `data17`, `data18`, `data19`, `data20`, `data21`, `data22`, `data23`, `AIName`, `ScriptName`, `WDBVerified`)
VALUES
   (202794, 10, 1327, 'Twilight Portal', '', '', '', 0, 0, 5, 0, 0, 0, 0, 0, 0, 0, 0, 0, 0, 0, 0, 0, 0, 0, 0, 74807, 0, 0, 0, 0, 0, 0, 0, 0, 0, 0, 0, 0, 0, '', 'go_halion_portal_twilight', 12340);

REPLACE INTO gameobject_template
   (`entry`, `type`, `displayId`, `name`, `IconName`, `castBarCaption`, `unk1`, `faction`, `flags`, `size`, `questItem1`, `questItem2`, `questItem3`, `questItem4`, `questItem5`, `questItem6`, `data0`, `data1`, `data2`, `data3`, `data4`, `data5`, `data6`, `data7`, `data8`, `data9`, `data10`, `data11`, `data12`, `data13`, `data14`, `data15`, `data16`, `data17`, `data18`, `data19`, `data20`, `data21`, `data22`, `data23`, `AIName`, `ScriptName`, `WDBVerified`)
VALUES
   (202795, 10, 1327, 'Twilight Portal', '', '', '', 0, 0, 2, 0, 0, 0, 0, 0, 0, 0, 0, 0, 0, 0, 0, 0, 0, 0, 0, 74807, 0, 0, 0, 0, 0, 0, 0, 0, 0, 0, 0, 0, 0, '', 'go_halion_portal_twilight', 12340);

REPLACE INTO gameobject_template
   (`entry`, `type`, `displayId`, `name`, `IconName`, `castBarCaption`, `unk1`, `faction`, `flags`, `size`, `questItem1`, `questItem2`, `questItem3`, `questItem4`, `questItem5`, `questItem6`, `data0`, `data1`, `data2`, `data3`, `data4`, `data5`, `data6`, `data7`, `data8`, `data9`, `data10`, `data11`, `data12`, `data13`, `data14`, `data15`, `data16`, `data17`, `data18`, `data19`, `data20`, `data21`, `data22`, `data23`, `AIName`, `ScriptName`, `WDBVerified`)
VALUES
   (202796, 10, 1327, 'Twilight Portal', '', '', '', 0, 0, 2, 0, 0, 0, 0, 0, 0, 0, 0, 0, 0, 0, 0, 0, 0, 0, 0, 74812, 0, 0, 0, 0, 0, 0, 0, 0, 0, 0, 0, 0, 0, '', 'go_halion_portal_real', 12340);

REPLACE INTO gameobject_template
   (`entry`, `type`, `displayId`, `name`, `IconName`, `castBarCaption`, `unk1`, `faction`, `flags`, `size`, `questItem1`, `questItem2`, `questItem3`, `questItem4`, `questItem5`, `questItem6`, `data0`, `data1`, `data2`, `data3`, `data4`, `data5`, `data6`, `data7`, `data8`, `data9`, `data10`, `data11`, `data12`, `data13`, `data14`, `data15`, `data16`, `data17`, `data18`, `data19`, `data20`, `data21`, `data22`, `data23`, `AIName`, `ScriptName`, `WDBVerified`)
VALUES
   (203005, 0, 9484, 'Fire Field', '', '', '', 0, 48, 1, 0, 0, 0, 0, 0, 0, 0, 0, 0, 0, 0, 0, 0, 0, 0, 0, 0, 0, 0, 0, 0, 0, 0, 0, 0, 0, 0, 0, 0, 0, '', '', 12340);

REPLACE INTO gameobject_template
   (`entry`, `type`, `displayId`, `name`, `IconName`, `castBarCaption`, `unk1`, `faction`, `flags`, `size`, `questItem1`, `questItem2`, `questItem3`, `questItem4`, `questItem5`, `questItem6`, `data0`, `data1`, `data2`, `data3`, `data4`, `data5`, `data6`, `data7`, `data8`, `data9`, `data10`, `data11`, `data12`, `data13`, `data14`, `data15`, `data16`, `data17`, `data18`, `data19`, `data20`, `data21`, `data22`, `data23`, `AIName`, `ScriptName`, `WDBVerified`)
VALUES
   (203006, 0, 9485, 'Flame Walls', '', '', '', 0, 48, 1, 0, 0, 0, 0, 0, 0, 0, 0, 0, 0, 0, 0, 1, 0, 0, 0, 0, 0, 0, 0, 0, 0, 0, 0, 0, 0, 0, 0, 0, 0, '', '', 12340);

REPLACE INTO gameobject_template
   (`entry`, `type`, `displayId`, `name`, `IconName`, `castBarCaption`, `unk1`, `faction`, `flags`, `size`, `questItem1`, `questItem2`, `questItem3`, `questItem4`, `questItem5`, `questItem6`, `data0`, `data1`, `data2`, `data3`, `data4`, `data5`, `data6`, `data7`, `data8`, `data9`, `data10`, `data11`, `data12`, `data13`, `data14`, `data15`, `data16`, `data17`, `data18`, `data19`, `data20`, `data21`, `data22`, `data23`, `AIName`, `ScriptName`, `WDBVerified`)
VALUES
   (203007, 0, 9482, 'Ruby Sanctum Halion Flame Ring', '', '', '', 0, 48, 1.6, 0, 0, 0, 0, 0, 0, 1, 0, 0, 0, 0, 0, 1, 0, 0, 0, 0, 0, 0, 0, 0, 0, 0, 0, 0, 0, 0, 0, 0, 0, '', '', 12340);
